Variable_ID,Description
za_nr,STUDIENNUMMER
doi,DIGITAL OBJECT IDENTIFIER
version,RELEASE
year,ERHEBUNGSJAHR
respid,IDENTIFIKATIONSNUMMER DES BEFRAGTEN
ep01,WIRTSCHAFTSLAGE IN DEUTSCHLAND HEUTE
ep02,WIRTSCHAFTSLAGE IM EIG. BUNDESLAND HEUTE
ep03,"WIRTSCHAFTSLAGE, BEFR. HEUTE"
ep04,WIRTSCHAFTSLAGE IN DEUTSCHLAND IN 1 JAHR
ep05,WIRT.LAGE IM EIGEN. BUNDESLAND IN 1 JAHR
ep06,"WIRTSCHAFTSLAGE, BEFR. IN 1 JAHR"
ps01,ZUFRIEDEN MIT LEISTUNG D.BUNDESREGIERUNG
ps02,ZUFRIEDEN MIT LEISTUNG D.LANDESREGIERUNG
ps03,ZUFRIEDEN MIT DEMOKRATIE IN DEUTSCHLAND?
ps04,FUNKTIONIERT UNSER POLITISCHES SYSTEM?
pa01,"LINKS-RECHTS-SELBSTEINSTUFUNG, BEFR."
pa22,"LINKS-RECHTS-PARTEIEINSTUFUNG, CDU"
pa23,"LINKS-RECHTS-PARTEIEINSTUFUNG, CSU"
pa24,"LINKS-RECHTS-PARTEIEINSTUFUNG, SPD"
pa25,"LINKS-RECHTS-PARTEIEINSTUFUNG, FDP"
pa26,"LINKS-RECHTS-PARTEIEINSTUFUNG, LINKE"
pa27,"LINKS-RECHTS-PARTEIEINSTUFUNG, GRUENE"
pa02a,"POLITISCHES INTERESSE, BEFR. (ORDINAL)"
pa02b,"POLITISCHES INTERESSE, BEFR.(10ER SKALA)"
pa03,PARTEIPRAEFERENZ VORHANDEN?
pa04,"PARTEIPRAEFERENZ, BEFR."
pv01,BEFR.: WAHLABSICHT BUNDESTAGSWAHL
pv01b,"WAHLABSICHT, BERLINER ABGEORDNETENHAUS"
pv02,"WAHLBERECHTIGUNG, LETZTE BUNDESTAGSWAHL?"
pv03,"WAHLBETEILIGUNG, LETZTE BUNDESTAGSWAHL?"
pv04,"ZWEITSTIMME, LETZTE BUNDESTAGSWAHL"
pv05,WARUM KEINE BERECHTIG. Z.BUNDESTAGSWAHL?
pv06,WARUM HAT BEFR. NICHT GEWAEHLT?
pv07,"WAHLBERECHTIGUNG, LETZTE BERLINER WAHL?"
pv08,"WAHLBETEILIGUNG, LETZTE BERLINER WAHL?"
pv09,"ZWEITSTIMME, LETZTE BERLINER WAHL"
pv10,WAHLBERECHTIGT BEI LANDTAGSWAHL?
pv11,HABEN SIE BEI LANDTAGSWAHL GEWAEHLT?
pv12,CDU-SYMPATHIE-THERMOMETER
pv13,SPD-SYMPATHIE-THERMOMETER
pv14,CSU-SYMPATHIE-THERMOMETER
pv15,FDP-SYMPATHIE-THERMOMETER
pv16,REPUBLIKANER + NPD-SYMPATHIE-THERMOMETER
pv17,PDS + DKP-SYMPATHIE-THERMOMETER
pv18,BUENDNIS 90+GRUENE-SYMPATHIE-THERMOMETER
pv19,WAHRSCHEINLICHKEIT: CDU-CSU WAEHLEN
pv20,WAHRSCHEINLICHKEIT: SPD WAEHLEN
pv21,WAHRSCHEINLICHKEIT: FDP WAEHLEN
pv22,WAHRSCHEINL.: BUENDNIS 90-GRUENE WAEHLEN
pv23,WAHRSCHEINLICHKEIT: PDS/LINKE WAEHLEN
pp01,POLIT. AKTIVITAET: BUERGERINITIATIVE
pp02,POLIT. AKTIV.: UNTERSCHRIFTENSAMMLUNG
pp03,POLIT. AKTIVITAET: BOYKOTT
pp04,POLIT. AKTIVITAET: DEMONSTRATION
pp05,POLIT. AKTIVITAET: BESETZUNGSAKTION
pp06,GGFS. BEKANNTEN POLIT. MEINUNG SAGEN
pp07,GGFS. MICH AN WAHLEN BETEILIGEN
pp08,GGFS. AN OEFF. DISKUSSIONEN BETEILIGEN
pp09,GGFS. IN EINER BUERGERINITIATIVE MITARB.
pp10,GGFS. IN EINER PARTEI MITARBEITEN
pp11,GGFS. KANDIDATEN UNTERSTUETZEN
pp12,GGFS. TEILNAHME AN UNGENEHMIGTER DEMO.
pp13,GGFS. TEILNAHME AN BESETZUNGSAKTIONEN
pp14,GGFS. KRACH SCHLAGEN BEI DEMONSTRATION
pp15,GGFS. KAMPF MIT GEWALT GEGEN PERSONEN
pp16,GGFS. POLITISCHE GEGNER EINSCHUECHTERN
pp17,GGFS. TEILNAHME AN GENEHMIGTER DEMO.
pp18,GGFS. NICHT AN WAHLEN BETEILIGEN
pp19,GGFS. ANDERE PARTEI WAEHLEN
pp20,GGFS. TEILN. AN UNTERSCHRIFTENSAMMLUNG
pp22,GGFS. KRITISCHER KONSUM
pp23,GGFS. TEILNAHME AN ONLINE-PROTESTAKTION
pp62,GGFS. IN SOZ. MEDIEN POL. MEINUNG SAGEN
pp24,HABE SCHON POLITISCHE MEINUNG GESAGT
pp25,HABE MICH AN WAHLEN BETEILIGT
pp26,HABE AN OEFFENTL.DISKUSSIONEN TEILGENOM.
pp27,HABE IN BUERGERINITIATIVE MITGEARBEITET
pp28,HABE SCHON IN PARTEI MITGEARBEITET
pp29,HABE SCHON KANDIDATEN UNTERSTUETZT
pp30,HABE AN UNGENEHMIGTER DEMO TEILGENOMMEN
pp31,HABE AN BESETZUNGSAKTION TEILGENOMMEN
pp32,HABE AUF DEMONSTRATION KRACH GESCHLAGEN
pp33,HABE GEWALT GEGEN PERSONEN ANGEWENDET
pp34,HABE POLITISCHE GEGNER EINGESCHUECHTERT
pp35,HABE AN GENEHMIGTER DEMO. TEILGENOMMEN
pp36,HABE MICH NICHT AN WAHLEN BETEILIGT
pp37,HABE ANDERE PARTEI GEWAEHLT
pp38,HABE AN UNTERSCHRIFTENSAMMLUNG TEILGEN.
pp40,HABE KRITISCH KONSUMIERT
pp41,HABE AN ONLINE-PROTESTAKTION TEILGEN.
pp42,2 JAHRE: POLITISCHE MEINUNG GESAGT
pp43,2 JAHRE: AN WAHLEN BETEILIGT
pp44,2 JAHRE: AN OEFFENTL.DISKUSSIONEN BET.
pp45,2 JAHRE: IN BUERGERINITIATIVE MITGEARB
pp46,2 JAHRE: SCHON IN PARTEI MITGEARBEITET
pp48,2 JAHRE: AN UNGENEHMIGTER DEMO TEILG.
pp53,2 JAHRE: AN GENEHMIGTER DEMO. TEILGEN.
pp54,2 JAHRE: MICH NICHT AN WAHL BETEILIGT
pp55,2 JAHRE: ANDERE PARTEI GEWAEHLT
pp56,2 JAHRE: UNTERSCHRIFTENSAMMLUNG
pp81,HAEUFIGK. POLITIKGESPRAECH MIT FAMILIE
pp82,HAEUFIGK. POLITIKGESPRAECH MIT FREUNDEN
pp83,HAEUFIGK. POLITIKGESPRAECH MIT BEKANNTEN
pp84,HAEUFIGK. POLITIKGESPRAECH MIT FREMDEN
pa05,ENERGIESICHERUNG DURCH KERNENERGIEAUSBAU
pa06,TODESSTRAFE FUER TERRORISMUS
pa07,"MUELLABFUHR, POST, BAHN PRIVATISIEREN?"
pa08,ABTREIBUNG DEN FRAUEN FREISTELLEN?
pa09,EINWANDERER ZU ANPASSUNG VERPFLICHTEN?
pa10,POLITIK AUS WIRTSCHAFT HERAUSHALTEN?
pa11,HAERTERE MASSNAHMEN FUER UMWELTSCHUTZ?
pa14,HAERTERE STRAFEN FUER STRAFTAETER?
pa15,REGIERUNG: SOZ.SICHERUNG AM WICHTIGSTEN?
pa16,UMVERTEILUNG ZU GUNSTEN EINFACHER LEUTE?
pa17,EINWANDERER GUT F. DEUTSCHE WIRTSCHAFT?
pa18,WELTMARKTOEFFNUNG DIENT WOHL ALLER?
pi01,BEFR.: MEINUNG Z.SOZ.SICHERUNG GEBILDET?
pi02,SOZIALE LEISTUNGEN: KUERZEN-AUSWEITEN?
pi03,VERTEIDIGUNGSETAT VERAENDERN? - BEFR.
pi04,VERTEID.ETAT VERAENDERN? - REGIERUNG
pi05,SOZIALLEISTUNGEN VERRINGERN? - BEFR.
pi06,SOZIALLEISTUNGEN VERRINGERN? - REGIERUNG
pi07,STEUERSENKUNG VS. SOZIAL. LEIST. AUSBAU
pd01,SOZIALE INTERESSENKONFLIKTE SCHADEN (A)
pd02,DEMONSTRIEREN IST BUERGERRECHT
pd03,OEFFENTLICHE ORDNUNG VOR STREIKRECHT
pd04,GEWALT IN DEMOKRATIE IST NOTWENDIG
pd05,MEINUNGSFREIHEIT GEGENUEBER MEHRHEIT (A)
pd06,OPPOSITION SOLLTE REGIERUNG STUETZEN (A)
pd07,DEMOKRATIE BRAUCHT OPPOSITION (A)
pd08,JEDER PARTEI DIE REGIERUNGSCHANCE (A)
pd09,VOLKSINTERESSE GEHT VOR INDIVIDUUM (A)
pd10,ZU VIELE GESETZE UND REGELUNGEN
pd11,IN DEUTSCHLAND KANN MAN SEHR GUT LEBEN
pd12,BEWERTUNG VON DEMOKRATIE ALS IDEE
pk05,PARTEIZUGEHOERIGK.: ANGELA MERKEL
pk07,PARTEIZUGEHOERIGK.: URSULA VON DER LEYEN
pk10,AMTIERENDER EU-KOMMISSIONSPRAESIDENT?
pk11,DURCH WEN WIRD BUNDESKANZLER GEWAEHLT?
pk12,BEDEUTUNG: WAHLGEHEIMNIS
pk13,WER VERFUEGT UEBER RICHTLINIENKOMPETENZ?
pk14,WELCHE ORGANISATION F. KULTUR+WISSENSCH.
pk15,LAND OHNE STAENDIG.SITZ IM SICHERHEITSR.
pk16,WANN DUERFEN EU-BUERGER IN D. WAEHLEN?
pk17,VERWENDUNGSZWECK: SOLIDARITAETSZUSCHLAG
pe01,POLITIKER KUEMMERN S.NICHT UM M.GEDANKEN
pe02,KANN IN EINER POLIT. GRUPPE AKTIV WERDEN
pe03,HABE KEINEN EINFLUSS AUF REGIERUNG
pe04,POLITIK IST ZU KOMPLEX FUER MICH
pe05,POLITIKER VERTRETEN INTERESSEN D. BEV.
pe06,WEISS WENIG UEBER POLITIK
pe07,MEISTEN FAEHIG ZU ARBEIT IN POL. GRUPPE
pe08,DURCHSCHNITT: WENIG POLIT. VERSTAENDNIS
pe09,WAHLBETEILIGUNG IST BUERGERPFLICHT
pe10,DEMONSTRATION BEI UNZUFRIEDENHEIT
pe11,GEWALT MORALISCH GERECHTFERTIGT
pe12,VOLKSABSTIMMUNG BESTANDTEIL V.DEMOKRATIE
pa29,ABGEORDNETE NUR DEM VOLK VERPFLICHTET
pa30,"POLITIKER REDEN ZU VIEL,HANDELN ZU WENIG"
pa31,EINFACHE BUERGER BESSERE VOLKSVERTRETER
pa32,POLIT.KOMPROMISS IST VERRAT V.PRINZIPIEN
pa33,VOLK SOLLTE POLIT.ENTSCHEIDUNGEN TREFFEN
pa34,VOLK EINIG WAS POLITISCH PASSIEREN MUSS
pa35,POLITIKER VERTRETEN NUR DIE REICHEN
pc01,KONFLIKT: LINKS-RECHTS
pc02,KONFLIKT: ARBEITGEBER VS. ARBEITNEHMER
pc03,KONFLIKT: HAUPTSCHULABSOLVENT-AKADEMIKER
pc04,KONFLIKT: LEUTE M.KINDERN VS.KINDERLOSE
pc05,KONFLIKT: JUNG VS. ALT
pc06,KONFLIKT: ARM VS. REICH
pc07,KONFLIKT: BERUFST.VS. RENTNER
pc08,KONFLIKT: POLITIKER VS. EINFACHE BUERGER
pc09,KONFLIKT: KAPITAL VS. ARBEITERKLASSE
pc10,KONFLIKT:AUSLAENDER(GASTARB.)VS.DEUTSCHE
pc11,KONFLIKT: FRAUEN VS. MAENNER
pc17,KONFLIKT: WESTDEUTSCHE VS. OSTDEUTSCHE
pc18,KONFLIKT:BUNDESB.VS.DEUTSCHST.AUSSIEDLER
pc19,KONFLIKT: ERWERBSTAETIGE VS. ARBEITSLOSE
pc20,KONFLIKT: CHRISTEN VS. MUSLIME
pt01,VERTRAUEN: GESUNDHEITSWESEN
pt02,VERTRAUEN: BUNDESVERFASSUNGSGERICHT
pt03,VERTRAUEN: BUNDESTAG
pt04,"VERTRAUEN: STADT-,GEMEINDEVERWALTUNG"
pt05,VERTRAUEN: BUNDESWEHR
pt06,VERTRAUEN: KATHOLISCHE KIRCHE
pt07,VERTRAUEN: EVANGELISCHE KIRCHE
pt08,VERTRAUEN: JUSTIZ
pt09,VERTRAUEN: FERNSEHEN
pt10,VERTRAUEN: ZEITUNGSWESEN
pt11,"VERTRAUEN: HOCHSCHULEN,UNIVERSITAETEN"
pt12,VERTRAUEN: BUNDESREGIERUNG
pt13,VERTRAUEN: GEWERKSCHAFTEN
pt14,VERTRAUEN: POLIZEI
pt15,VERTRAUEN: POLITISCHE PARTEIEN
pt16,VERTRAUEN: ARBEITSAEMTER
pt17,VERTRAUEN: RENTENVERSICHERUNG
pt18,VERTRAUEN: ARBEITGEBERVERBAENDE
pt19,VERTRAUEN: KOMMISSION DER EU
pt20,VERTRAUEN: EUROPAEISCHES PARLAMENT
pt21,VERTRAUEN: EUROPAEISCHER GERICHTSHOF
pn12,VERBUNDENHEIT ZUR GEMEINDE
pn13,VERBUNDENHEIT ZUM BUNDESLAND U. BUERGERN
pn14,VERBUNDENHEIT MIT ALTER BRD
pn15,VERBUNDENHEIT MIT EHEMALIGER DDR
pn16,VERBUNDENHEIT ZU DEUTSCHLAND ALS GANZEM
pn17,VERBUNDENHEIT ZUR EU UND IHREN BUERGERN
pr01,IM WESTEN MEHR OPFERBEREITSCHAFT ZEIGEN
pr02,IM OSTEN MEHR GEDULD ZEIGEN
pr04,WIEDERVEREIN. MEHR VORTEILE FUER WESTEN
pr05,WIEDERVEREIN. MEHR VORTEILE FUER OSTEN
pr06,ZUKUNFT IM OSTEN HAENGT VON LEISTUNG AB
pr07,BUERGER IM ANDEREN TEIL DER BRD FREMD?
pr08,NEUE LAENDER: LEISTUNGSDRUCK ZU GROSS?
pr09,NICHT NACH STASI-VERGANGENHEIT FRAGEN
pr10,"SOZIALISMUS: GUTE IDEE, SCHLECHT AUSGEF."
pg01,BEHOERDEN SIND ZU LANGSAM BEI ANTRAEGEN
pg02,AEMTER ARBEITEN INSGES.ZUFRIEDENSTELLEND
pg03,BUERGER KANN SICH GEG.AMTSENTSCH.WEHREN
pg04,DER MENSCH IST NUR NUMMER BEI BEHOERDEN
pg05,BEAMTE SIND HILFSBEREIT UND FREUNDLICH
pg06,AUCH IM RECHT BESSER NICHT GEG.BEHOERDE?
pg07,BEHANDELN SIE BEHOERDEN GLEICH+GERECHT?
pg08,BEACHTET BEHOERDE GGF. IHRE ANSICHT?
pg09,BEHANDELT SIE D. POLIZEI GLEICH+GERECHT?
pg10,BEACHTET DIE POLIZEI GGF. IHRE ANSICHT?
pn01,BIN STOLZ AUF: GRUNDGESETZ
pn02,BIN STOLZ AUF: BUNDESTAG
pn03,BIN STOLZ AUF: DEUTSCHE SPORTLER
pn04,BIN STOLZ AUF: DT. WIRTSCHAFTL. ERFOLG
pn05,"BIN STOLZ AUF: DEUTSCHE KUNST,LITERATUR"
pn06,BIN STOLZ AUF: DT.WISSENSCHAFTL.LEISTUNG
pn07,BIN STOLZ AUF: DT.SOZIALSTAATL.LEISTUNG
pn08,BIN STOLZ AUF: AN ERSTER STELLE
pn09,BIN STOLZ AUF: AN ZWEITER STELLE
pn10,BIN STOLZ AUF: AN DRITTER STELLE
pn11,"GENERELLER STOLZ, DEUTSCHER ZU SEIN"
px01,"ZUSTIMMUNG: STOLZ, DEUTSCHER ZU SEIN"
px02,ZUSTIMMUNG: MEHR MUT ZU NATIONALGEFUEHL
px03,ZUSTIMMUNG: DIKTATUR MANCHMAL BESSER
px04,ZUSTIMM.: NATIONALSOZ. HATTE GUTE SEITEN
px05,ZUSTIMM.: HITLER OHNE HOLOCAUST POSITIV
px06,ZUSTIMMUNG: BRD GEFAEHRLICH UEBERFREMDET
px07,ZUSTIMM.: AUSLAENDER LANDSLEUTE HEIRATEN
px08,ZUSTIMMUNG: EINFLUSS VON JUDEN ZU GROSS
px09,ZUSTIMMUNG: JUDEN SIND EIGENTUEMLICH
px10,ZUSTIMMUNG: ANSCHLAEGE ASYLBEWERBERHEIME
id01,"GERECHTER ANTEIL A.LEBENSSTANDARD,BEFR.?"
id02,"SUBJEKTIVE SCHICHTEINSTUFUNG, BEFR."
id03,"OBEN-UNTEN-SKALA: SELBSTEINSTUF., BEFR."
id04,BERUFSERFOLGVERGLEICH: BEFR. MIT VATER
id05,WIE VIELE ARBEITSLOSE VERWANDTE+FREUNDE
dw41,"BERUFSERFOLG, WIE URSPRUENGL. ERWARTET?"
dw42,"BERUFSERFOLG, ERWARTUNG FUER D.ZUKUNFT"
iw01,BESSER JEDER FUER SICH SELBST SORGEN?
iw02,UNTERNEHMERGEWINNE FOERDERN WIRTSCHAFT
iw03,STAAT: FUER ARBEIT+STABILE PREISE SORGEN
iw04,STAAT: BEI NOT+ARBEITSLOSIGK. VERSORGEN
iw05,STAAT: SOZ.SICH.REDUZIERT ARBEITSWILLEN
iw06,GEWINNE WERDEN I.D. BRD GERECHT VERTEILT
iw07,UNGLEICHH.I.D.BRD NICHT WEIT.REDUZIERBAR
lg01,PERS. LEBENSVORSTELLUNGEN REALISIERT?
im01,BILDUNGSMOEGL.IN D.:JEDER N.S.BEGABUNG
im02,"WEG Z.ERFOLG:OPPORTUNISM.,RUECKSICHTSLOS"
im03,"WEG ZUM ERFOLG: BILDUNG, AUSBILDUNG"
im04,WEG ZUM ERFOLG: POLITISCHE BETAETIGUNG
im05,"WEG ZUM ERFOLG: ZUFALL, GLUECK"
im06,WEG ZUM ERFOLG: INTELLIGENZ
im07,"WEG ZUM ERFOLG: BEZIEHUNGEN, PROTEKTION"
im08,"WEG ZUM ERFOLG: LEISTUNG, FLEISS"
im09,"WEG ZUM ERFOLG: GELD, VERMOEGEN"
im10,"WEG Z.ERFOLG: INITIATIVE, DURCHSETZUNG"
im11,"WEG Z.ERFOLG: HERKUNFT, RICHTIGE FAMILIE"
im12,"WEG Z.ERFOLG: BESTECHUNG, KORRUPTION"
im13,"WEG Z.ERFOLG: KOOPERATION, OFFENHEIT"
im14,"ERFOLGSBED.,BRD: KLASSENZUGEHOERIGKEIT"
im15,"ERFOLGSBED.,BRD: ELTERNHAUS, SCHICHT"
im16,"ERFOLGSBED.,BRD: BILDUNG,NICHT HERKUNFT"
im17,"ERFOLGSBED.IN D: KONJUNKTUR,SOZIALLEIST."
im18,"GUTES GELD FUER JEDEN,AUCH OHNE LEISTUNG"
im19,EINKOMMENSDIFFERENZ ERHOEHT MOTIVATION
im20,RANGUNTERSCHIEDE SIND AKZEPTABEL
im21,SOZIALE UNTERSCHIEDE SIND GERECHT
im22,"GERECHT: MEHR LEISTUNG, MEHR VERDIENST"
im27,GERECHT: EXTRA HILFEN FUER CARE-ARBEIT
im28,GERECHT: EINKOMMEN GLEICH VERTEILT
im29,GERECHT: WENN OBENSTEHENDE BESSER LEBEN
is01,PERSOENLICH.ALTERSSICHERUNG AUSREICHEND?
mi01,ZUZUG VON: AUSSIEDLERN AUS OSTEUROPA
mi02,ZUZUG VON: ASYLSUCHENDEN
mi03,ZUZUG VON: EU-ARBEITNEHMERN
mi04,ZUZUG VON: NICHT-EU-ARBEITNEHMERN
mi05,ZUZUG VON: KRIEGSFLUECHTLINGEN
mi06,ZUZUG VON: POLITISCH VERFOLGTEN
mi07,ZUZUG VON: WIRTSCHAFTSMIGRANTEN
mi08,ZUZUG VON: EU-ARBEITN. AUS OSTEUROPA
mi09,ZUZUG VON: ARBEITN. ANDERER EU-STAATEN
mi10,ZUZUG VON: NICHT-EU-ARBEITSKRAEFTEN
mi11,"ZUZUG VON: EHEPARTNER,KINDER V.MIGRANTEN"
mp01,AUSLAENDER:TUN DIE UNSCHOENEN ARBEITEN
mp02,AUSLAENDER:BELASTEN UNSER SOZIALES NETZ
mp03,AUSLAENDER:BEREICHERN UNSERE KULTUR
mp04,AUSLAENDER:VERKNAPPEN WOHNUNGEN
mp05,AUSLAENDER:STUETZEN DIE RENTENSICHERUNG
mp06,AUSLAENDER:NEHMEN ARBEITSPLAETZE WEG
mp07,AUSLAENDER:BEGEHEN HAEUFIGER STRAFTATEN
mp08,AUSLAENDER:SCHAFFEN ARBEITSPLAETZE
mp10,AUSLAENDER: DEUTSCHLAND WIRD TOLERANTER
mp12,AUSLAENDER: WENIGER FACHKRAEFTEMANGEL
mp16,FLUECHTL. CHANCE O.RISIKO: SOZIALSTAAT
mp17,FLUECHTL. CHANCE O.RISIKO: SICHERHEIT
mp18,FLUECHTL. CHANCE O.RISIKO: ZUSAMMENLEBEN
mp19,FLUECHTL. CHANCE O.RISIKO: WIRTSCHAFT
md03,AUSLAENDERBEHANDLUNG DURCH BEHOERDEN
mn01,EINBUERGERUNG: SOLLTE HIER GEBOREN SEIN
mn02,EINBUERGERUNG: DEUTSCHE ABSTAMMUNG HABEN
mn03,EINBUERGERUNG: DEUTSCH SPRECHEN
mn04,EINBUERGERUNG: LANGE BEI UNS GELEBT
mn05,EINBUERGERUNG: LEBENSSTILANPASSUNG
mn06,EINBUERGERUNG: IN CHRISTLICH.KIRCHE SEIN
mn07,EINBUERGERUNG: KEINE STRAFTATEN
mn08,EINBUERGERUNG: EIGENER LEBENSUNTERHALT
mn09,EINBUERGERUNG: ZU GRUNDGESETZ BEKENNEN
ma01,AUSLAENDER: MEHR ANPASSUNG
ma02,AUSLAEND.:WIEDER HEIM BEI KNAPPER ARBEIT
ma03,AUSLAENDER: POLIT.BETAETIGUNG UNTERSAGEN
ma04,AUSLAENDER: SOLLTEN UNTER SICH HEIRATEN
mc01,AUSLAENDER: KONTAKT I.D.EIGENEN FAMILIE?
mc02,AUSLAENDER: KONTAKT BEI DER ARBEIT?
mc03,AUSLAENDER: KONTAKT IN D. NACHBARSCHAFT?
mc04,AUSLAENDER: KONTAKT IM FREUNDESKREIS?
ma05,DOPPELTE STAATSBUERGERSCHAFT ERLAUBEN
ma06,GLEICHE SOZIALLEISTUNGEN FUER AUSLAENDER
ma07,KOMMUNALES WAHLRECHT FUER AUSLAENDER
ma08,AN SCHULEN AUCH ISLAMUNTERRICHT ERLAUBEN
ma09,FREMDER IM EIGENEN LAND DURCH AUSLAENDER
mp13,AUSLAENDERANTEILSCHAETZUNG FUER WESTEN
mp14,AUSLAENDERANTEILSCHAETZUNG FUER OSTEN
mp15a,AUSLAENDERANTEIL IN EIGENER WOHNUMGEBUNG
ms01,MOECHTE IN WOHNGEBIET 1 LEBEN
ms02,MOECHTE IN WOHNGEBIET 2 LEBEN
ms03,MOECHTE IN WOHNGEBIET 3 LEBEN
ms04,MOECHTE IN WOHNGEBIET 4 LEBEN
ms05,MOECHTE IN WOHNGEBIET 5 LEBEN
ms06,MOECHTE IN WOHNGEBIET 6 LEBEN
ms07,MOECHTE IN WOHNGEBIET 7 LEBEN
ms08,MOECHTE IN WOHNGEBIET 8 LEBEN
ms09,MOECHTE IN WOHNGEBIET 9 LEBEN
ms10,MOECHTE IN WOHNGEBIET 10 LEBEN
ms11,MOECHTE IN WOHNGEBIET 11 LEBEN
ms12,MOECHTE IN WOHNGEBIET 12 LEBEN
ms13,MOECHTE IN WOHNGEBIET 13 LEBEN
ms14,MOECHTE NICHT IN WOHNGEBIET 1 LEBEN
ms15,MOECHTE NICHT IN WOHNGEBIET 2 LEBEN
ms16,MOECHTE NICHT IN WOHNGEBIET 3 LEBEN
ms17,MOECHTE NICHT IN WOHNGEBIET 4 LEBEN
ms18,MOECHTE NICHT IN WOHNGEBIET 5 LEBEN
ms19,MOECHTE NICHT IN WOHNGEBIET 6 LEBEN
ms20,MOECHTE NICHT IN WOHNGEBIET 7 LEBEN
ms21,MOECHTE NICHT IN WOHNGEBIET 8 LEBEN
ms22,MOECHTE NICHT IN WOHNGEBIET 9 LEBEN
ms23,MOECHTE NICHT IN WOHNGEBIET 10 LEBEN
ms24,MOECHTE NICHT IN WOHNGEBIET 11 LEBEN
ms25,MOECHTE NICHT IN WOHNGEBIET 12 LEBEN
ms26,MOECHTE NICHT IN WOHNGEBIET 13 LEBEN
mg01,LEBENSSTILUNTERSCHIED: ITALIENER IN BRD
mg02,LEBENSSTILUNTERSCHIED: AUSSIEDLER IN BRD
mg03,LEBENSSTILUNTERSCHIED: ASYLBEWERB. I.BRD
mg04,LEBENSSTILUNTERSCHIED: TUERKEN IN BRD
mg05,LEBENSSTILUNTERSCHIED: JUDEN IN BRD
mg06,LEBENSSTILUNTERSCHIED: POLEN IN BRD
mg07,WIE ANGENEHM ALS NACHBAR: ITALIENER
mg08,WIE ANGENEHM ALS NACHBAR: AUSSIEDLER
mg09,WIE ANGENEHM ALS NACHBAR: ASYLBEWERBER
mg10,WIE ANGENEHM ALS NACHBAR: TUERKE
mg11,WIE ANGENEHM ALS NACHBAR: JUDE
mg13,EINHEIRAT IN EIGENE FAMILIE: ITALIENER
mg14,EINHEIRAT IN EIGENE FAMILIE: AUSSIEDLER
mg15,EINHEIRAT IN EIGENE FAMILIE:ASYLBEWERBER
mg16,EINHEIRAT IN EIGENE FAMILIE: TUERKE
mg17,EINHEIRAT IN EIGENE FAMILIE: JUDE
mg19,RECHTSGLEICHSTELLUNG FUER: ITALIENER
mg20,RECHTSGLEICHSTELLUNG FUER: AUSSIEDLER
mg21,RECHTSGLEICHSTELLUNG FUER: ASYLBEWERBER
mg22,RECHTSGLEICHSTELLUNG FUER: TUERKEN
mg23,RECHTSGLEICHSTELLUNG FUER: JUDEN
mm01,ISLAMAUSUEBUNG IN DEUTSCHL. BESCHRAENKEN
mm02,ISLAM PASST IN DIE DEUTSCHE GESELLSCHAFT
mm03,ANWESENHEIT VON MUSLIMEN BRINGT KONFLIKT
mm04,STAAT SOLLTE ISLAM. GRUPPEN BEOBACHTEN
mm05,MUSLIMISCHER BUERGERMEISTER IN ORDNUNG
mm06,UNTER MUSLIMEN SIND VIELE REL. FANATIKER
mm07,FUER DEN BAU VON MOSCHEEN IN BRD?
mj01,JUDEN HABEN AUF DER WELT ZUVIEL EINFLUSS
mj02,SCHAM UEBER DEUTSCHE UNTATEN AN JUDEN
mj03,JUDEN NUTZEN DEUTSCHE VERGANGENHEIT AUS
mj04,JUDEN AN VERFOLGUNGEN NICHT UNSCHULDIG
mj05,JUDEN: ABLEHNUNG WEGEN POLITIK ISRAELS
mj06,"UNGERECHT, DASS ISRAEL LAND WEGNIMMT"
md06,VORKOMMEN: WIRT DISKRIMINIERT AUSLAENDER
md07,VORKOMMEN: ELTERN DISKRIMINIEREN TUERKEN
md08,VORKOMMEN: UNTERNEHMER DISKRIMINIEREN
md09,MEINUNG: WIRT DISKRIMINIERT AUSLAENDER
md10,MEINUNG: ELTERN DISKRIMINIEREN TUERKEN
md11,MEINUNG: UNTERNEHMER DISKRIMINIEREN
md12,ALLGEM. MEINUNG: DISKRIMINIERENDER WIRT
md13,ALLGEM. MEINUNG: DISKRIMINIERENDE ELTERN
md14,ALLG.MEINUNG: DISKRIMINIERENDER UNTERN.
fn01,BRAUCHT MAN FAMILIE ZUM GLUECK?
fn02,HEIRAT BEI DAUERNDEM ZUSAMMENLEBEN
fn03,GRUND FUER HEIRAT: KIND
fn04,WELCHES IST DIE IDEALE KINDERZAHL?
fr01,BERUFST.FRAU: HERZL. VERHAELT. ZUM KIND
fr02,"FRAU, LIEBER MANN BEI D.KARRIERE HELFEN?"
fr03a,"FRAU, NICHT ARBEITEN BEI KLEINKIND?(A)"
fr04a,"FRAU, ZU HAUSE KINDER VERSORGEN?(A)"
fr05a,"FRAU, BERUFSTAETIG BESSERE MUTTER?(A)"
fr06,"FRAU, NACH HEIRAT ARBEITSPL. FREIMACHEN?"
fr07,ERWERBSTAETIGE FRAU AUCH GUTE MUTTER
fr08,"ELTERN VOLLZEIT ARBEITEN,HAUSHALT TEILEN"
fr03b,"FRAU, NICHT ARBEITEN BEI KLEINKIND?(B)"
fr04b,"FRAU, ZU HAUSE KINDER VERSORGEN?(B)"
fr05b,"FRAU, BERUFSTAETIG BESSERE MUTTER?(B)"
fr09,VOLL ARBEITENDER MANN SCHLECHTERER VATER
fr10,BEIDE ELTERN ARBEITEN ABER HAUSHALT FRAU
fr11,ERWERBSTAETIGER MANN AUCH GUTER VATER
fr12,AUCH MANN KANN HAUSHALT+KIND UEBERNEHMEN
fh01,GEMEINS.HH.: WER BEREITET MAHLZEITEN ZU?
fh02,GEMEINS.HH.: WER KAUFT LEBENSMITTEL EIN
fh03,GEMEINS.HAUSH.: WER MACHT REPARATUREN?
fh04,GEMEINS.HAUSH.: WER WAESCHT DIE WAESCHE?
fh05,GEM.HH.:WER ERLEDIGT VERSICHERUNGSSACHEN
fh06,GEMEINS.HAUSH.:WER SPUELT NACH DEM ESSEN
fh07,GEMEINS.HAUSHALT: WER PUTZT DIE WOHNUNG?
fh08,GEMEINS.HAUSHALT: KONTAKTE ZU BEHOERDEN?
fh09,GEMEINS.HH.: WER SPIELT MIT DEN KINDERN?
fh10,GEMEINS.HH.: WER BRINGT KINDER ZU BETT?
fh11,GEMEINS.HH.: M. KINDERN HAUSAUFG. MACHEN
fe01,ERZIEHUNGSZIEL: SELBSTAENDIGKEIT
fe02,ERZIEHUNGSZIEL: SELBSTVERTRAUEN
fe03,ERZIEHUNGSZIEL: GUTE UMGANGSFORMEN
fe04,ERZIEHUNGSZIEL: DURCHSETZUNGSFAEHIGKEIT
fe05,ERZIEHUNGSZIEL: GUTE SCHULLEISTUNGEN
fe06,ERZIEHUNGSZIEL: VERANTWORTUNGSBEW.
fe07,ERZIEHUNGSZIEL: KRITIKFAEHIGKEIT
fe08,ERZIEHUNGSZIEL: VERSTAENDNIS F.ANDERE
fe09,ERZIEHUNGSZIEL: FLEISS
fe10,ERZIEHUNGSZIEL DER SCHULE: 1.NENNUNG
fe11,ERZIEHUNGSZIEL DER SCHULE: 2.NENNUNG
fe12,ERZIEHUNGSZIEL DER SCHULE: 3.NENNUNG
fe13,KIND: LERNZIEL GEHORCHEN
fe14,KIND: LERNZIEL BELIEBT SEIN
fe15,KIND: LERNZIEL SELBSTAENDIG DENKEN
fe16,KIND: LERNZIEL HART ARBEITEN
fe17,KIND: LERNZIEL ANDEREN HELFEN
fe18,"GUTE UMGANGSFORMEN, GEWUEN.KINDEIGENSCH."
fe19,"LEISTUNGSFAEHIGK.,GEWUENSCHT.KINDEIGENS."
fe20,"EHRLICHKEIT,GEWUENSCHTE KINDEIGENSCHAFT"
fe21,"SAUBERKEIT U.ORDNUNG,GEW.KINDEIGENSCHAFT"
fe22,"MENSCHENVERST.+URTEILSGABE, GEW.KINDEIG."
fe23,"SELBSTBEHERRSCHUNG,GEW. KINDEIGENSCHAFT"
fe24,"GESCHLECHTSROLLE,GEWUENSCH.KINDEIGENSCH."
fe25,"VERTRAEGLICHK.M.AND.KIND.,GEW.KINDEIGEN."
fe26,"GEHORSAM DEN ELTERN,GEW.KINDEIGENSCHAFT"
fe27,"VERANTWORTUNGSBEW.,GEWUENSCHTE KINDEIG."
fe28,"RUECKSICHT GEG.ANDERE, GEW.KINDEIGENSCH."
fe29,"INTERESSE AN D.DINGEN,GEWUEN.KINDEIGENS."
fe30,"GUTER SCHUELER,GEWUENSCHTE KINDEIGENSCH."
lp01,DANKBAR SEIN FUER FUEHRENDE KOEPFE
lp02,ANPASSUNG ALS KIND SPAETER NUETZLICH
li01,WICHTIGKEIT: EIGENE FAMILIE UND KINDER
li02,WICHTIGKEIT: BERUF UND ARBEIT
li03,WICHTIGKEIT: FREIZEIT UND ERHOLUNG
li04,WICHTIGKEIT: FREUNDE UND BEKANNTE
li05,WICHTIGKEIT: VERWANDTSCHAFT
li06,WICHTIGKEIT: RELIGION UND KIRCHE
li07,WICHTIGKEIT: POLITIK UND OEFFENTL. LEBEN
li08,WICHTIGKEIT: NACHBARSCHAFT
ja01,WICHTIGKEIT: SICHERE BERUFSTELLUNG
ja02,WICHTIGKEIT: BERUF MIT HOHEM EINKOMMEN
ja03,WICHTIGK.:GUTE AUFSTIEGSCHANCEN IM BERUF
ja04,WICHTIGKEIT: ANERKANNTER BERUF
ja05,WICHTIGKEIT: BERUF MIT VIEL FREIZEIT
ja06,WICHTIGKEIT: INTERESSANTE TAETIGKEIT
ja07,WICHTIGKEIT: SELBSTAENDIGE TAETIGKEIT
ja08,WICHTIGK.: VERANTWORTUNGSVOLLE TAETIGK.
ja09,WICHTIGK.: BERUF M.VIEL MENSCHL. KONTAKT
ja10,WICHTIGKEIT: CARITATIV HELFENDER BERUF
ja11,WICHTIGKEIT: SOZIAL NUETZLICHER BERUF
ja12,WICHTIGKEIT: SINNVOLL EMPFUNDENER BERUF
ja13,"WICHTIGK.: SICHERE, GESUNDE ARBEITSBED."
la01,FREIZEIT: BUECHER LESEN
la02,FREIZEIT: ZEITSCHRIFTEN LESEN
la03,"FREIZEIT: LP, CD, CASSETTEN HOEREN"
la04,"FREIZEIT: VIDEOKASSETTEN, DVD ANSCHAUEN"
la05,FREIZEIT: MIT DEM COMPUTER BESCHAEFTIGEN
la06,"FREIZEIT: INTERNET,ONLINE-DIENSTE NUTZEN"
la07,FREIZEIT: SICH PRIVAT WEITERBILDEN
la08,"FREIZEIT: EINFACH NICHTS TUN, FAULENZEN"
la09,"FREIZEIT: SPAZIERENGEHEN, WANDERN"
la10,"FREIZEIT: YOGA,MEDITATION,AUTOG.TRAINING"
la11,FREIZEIT: ESSEN ODER TRINKEN GEHEN
la12,"FREIZEIT: BESUCH NACHBARN, FREUNDE, BEK."
la13,"FREIZEIT: BESUCH FAMILIE, VERWANDTSCHAFT"
la14,FREIZEIT: GESELLSCHAFTSSPIELE IN FAMILIE
la15,FREIZEIT: AUSFLUEGE ODER KURZE REISEN
la16,FREIZEIT: BETEILIGUNG IN POLITIK
la17,FREIZEIT: EHRENAMTLICHE TAETIGKEITEN
la18,FREIZEIT: KIRCHGANG
la19,"FREIZEIT: KUNST, MUSISCHE TAETIGKEITEN"
la20,"FREIZEIT: BASTELN, REPARATUREN"
la21,FREIZEIT: AKTIVE SPORTLICHE BETAETIGUNG
la22,FREIZEIT: BESUCH V. SPORTVERANSTALTUNGEN
la23,"FREIZEIT: KINO, POP+JAZZKONZERTE, TANZEN"
la24,"FREIZEIT: KLASS. KONZERTE, THEATER ETC."
la25,FREIZEIT: MUSIK HOEREN
la26,FREIZEIT: DAS INTERNET NUTZEN
la27,"FREIZEIT: CHATTEN, SOZIALE NETZWERKE"
la28,FREIZEIT: AM COMPUTER SPIELEN
la29,FREIZEIT: MUSIK MACHEN
la30,FREIZEIT: ANDERE KUENSTLER. TAETIGKEITEN
la31,"FREIZEIT: BESUCH MUSEEN, AUSSTELLUNGEN"
lm01,HAEUFIGKEIT VON FERNSEHEN PRO WOCHE
lm02,FERNSEHGESAMTDAUER PRO TAG IN MINUTEN
lm04,"FERNSEHINTERESSE: SHOWS, QUIZ"
lm05,FERNSEHINTERESSE: SPORTSENDUNGEN
lm06,FERNSEHINTERESSE: SPIELFILME
lm07,FERNSEHINTERESSE: NACHRICHTEN
lm08,FERNSEHINTERESSE: POLITISCHE MAGAZINE
lm09,FERNSEHINTERESSE: KUNST UND KULTUR
lm10,FERNSEHINTERESSE: HEIMATFILME
lm11,FERNSEHINTERESSE: KRIMIS
lm12,FERNSEHINTERESSE: ACTIONFILME
lm13,FERNSEHINTERESSE: UNTERHALTUNGSSERIEN
lm14,HAEUFIGKEIT TAGESZEITUNG LESEN PRO WOCHE
lm15,MUSIK: VOLKSMUSIK HOEREN
lm16,MUSIK: DEUTSCHE SCHLAGERMUSIK HOEREN
lm17,MUSIK: KLASSISCHE MUSIK HOEREN
lm18,MUSIK: JAZZ HOEREN
lm19,NACHRICHTENKONSUM: OEFFENTLICHES TV
lm20,KONSUMHAEUFIGK.: NACHRICHTEN OEFF. TV
lm21,NACHRICHTENKONSUM: PRIVATES TV
lm22,KONSUMHAEUFIGK.: NACHRICHTEN PRIVATES TV
lm23,INTERNET FUER INFORMATION UEBER POLITIK?
lm24,HAEUFIGKEIT: INTERNET FUER POLITIKINFO
lm27,INTERNETNUTZUNG MIT: PC
lm28,INTERNETNUTZUNG MIT: LAPTOP
lm29,INTERNETNUTZUNG MIT: TABLET
lm30,INTERNETNUTZUNG MIT: SMARTPHONE
lm31,INTERNETNUTZUNG MIT: FERNSEHER
lm32,INTERNETNUTZUNG MIT: SPIELEKONSOLE
lm33,INTERNETNUTZUNG MIT: E-BOOK-READER
lm34,INTERNETNUTZUNG MIT: ANDERE GERAETE
lm40,BESITZEN SIE EIN MOBILTELEFON?
ls01,ALLGEMEINE LEBENSZUFRIEDENHEIT
hs01,GESUNDHEITSZUSTAND BEFR.
hs02,GESUNDHEITL. PROBLEME: TREPPENSTEIGEN
hs03,GESUNDHEITL. PROBLEME: ALLTAGSTAETIGKEIT
hs04,"LETZTE 4 WOCHEN: HETZE, UNTER ZEITDRUCK"
hs05,LETZTE 4 WOCHEN: NIEDERGESCHLAGEN
hs06,"LETZTE 4 WOCHEN: RUHIG, AUSGEGLICHEN"
hs07,LETZTE 4 WOCHEN: JEDE MENGE ENERGIE
hs08,LETZTE 4 WOCHEN: KOERPERLICHE SCHMERZEN
hs09,LETZTE 4 WOCHEN: EINSAM
hs10,LETZTE 4 W.: WENIG GESCHAFFT WG. KOERPER
hs11,LETZTE 4 W.: EINGESCHRAENKT WG. KOERPER
hs12,LETZTE 4 W.: WENIG GESCHAFFT WG. SEELE
hs13,LETZTE 4 W.: EINGESCHRAENKT WG. SEELE
hs14,LETZTE 4 WOCHEN: KONTAKTE EINGESCHRAENKT
hs15a,BEFR. SCHWERBEHINDERT?
hs15b,BEHINDERUNGSGRAD BEFR.
hs16,"KOERPERGROESSE IN CM, BEFRAGTE(R)"
hs17,"GEWICHT IN KG, BEFRAGTE(R)"
hs18,BODY-MASS-INDEX
hd01,BEFR.: ALLERGIE
hd02,BEFR.: MIGRAENE
hd03,"BEFR.: BLUTHOCHDRUCK,HYPERTONIE"
hd04,BEFR.: DURCHBLUTUNGSTOERUNG AM HERZEN
hd05,"BEFR.: RHEUMA, ARTHRITIS, GICHT"
hd06,BEFR.: WIRBELSAEULENSCHAEDEN
hd07,BEFR.: CHRONISCHE BRONCHITIS
hd08,BEFR.: ASTHMA
hd09,"BEFR.: HEPATITIS, LEBERZIRRHOSE"
hd10,"BEFR.: ZUCKERKRANKHEIT, DIABETES"
hd11,BEFR.: KREBS
hd12,BEFR.: OSTEOPOROSE
hd13,BEFR.: SONSTIGE KRANKHEITEN
hd14,"BEFR.: SONSTIGE KRANKHEITEN, 1. NENNUNG"
hd15,"BEFR.: SONSTIGE KRANKHEITEN, 2. NENNUNG"
hd16,BEFR.: LETZTE 4 WOCHEN KRANK GEWESEN?
ht01,ARZTBESUCH L. 3 MONATE: AKUT KRANK
ht02,ARZTBESUCH L. 3 MONATE: CHRONISCH KRANK
ht03,ARZTBESUCH: BEFINDLICHKEITSSTOERUNG
ht04,ARZTBESUCH L. 3 MONATE: BERATUNG
ht05,ARZTBESUCH L. 3 MONATE: NUR PRAXISBESUCH
ht06,"ARZTBESUCH L. 3 MONATE: VORSORGE,IMPFUNG"
ht07,ARZTBESUCH L. 3 MONATE: SONSTIGER GRUND
ht08,SONSTIGER GRUND FUER ARZTBESUCH
ht09,ARZTBESUCHE IN DEN LETZTEN 3 MONATEN
ht11,KRANKENHAUSAUFENTHALT LETZTE 12 MONATE
ht12,NAECHTE I.KRANKENHAUS LETZTE 12 MONATE
hb01,RAUCHEN SIE?
hb02,ANZAHL TABAKPRODUKTE PRO TAG
hb03,"KONSUMHAUEFIGKEIT:VOLLKORN-,MEHRKORNBROT"
hb04,"KONSUMHAUEFIGKEIT: WEISSBROT, TOASTBROT"
hb05,KONSUMHAUEFIGKEIT: OBST
hb06,"KONSUMHAUEFIGKEIT: GEMUESE(FRISCH,KUEHL)"
hb07,"KONSUMHAUEFIGKEIT: FLEISCH, WURST"
hb08,KONSUMHAUEFIGKEIT: FRITTIERTE SPEISEN
hb09,"KONSUMHAUEFIGKEIT: SUESSWAREN, GEBAECK"
hb10,KONSUMHAUEFIGKEIT: BIER ODER WEIN
hb11,KONSUMHAUEFIGKEIT: SPIRITUOSEN
hw01,"ARBEITSBED.: LAERM, SCHLECHTE LUFT"
hw02,"ARBEITSBED.: ZEIT-, LEISTUNGSDRUCK"
hw03,ARBEITSBED.: SCHLECHTES ARBEITSKLIMA
hw04,ARBEITSBED.: LANGE ARBEITSZEIT
hw05,ARBEITSBED.: SCHICHTARBEIT
hw06,ARBEITSBED.: SCHWERE KOERPERARBEIT
hw07,HAEUFIGKEIT UNGERECHTER KOLLEGENKRITIK
he01,ALLGEMEINE BELASTUNG: FLUGLAERM
he02,ALLG. BELASTUNG: BLEIGEHALT IM BENZIN
he03,ALLG. BELAST.: INDUST.ABFAELLE IM WASSER
he04,ALLGEMEINE BELASTUNG: KERNKRAFTWERKE
he05,ALLG. BELASTUNG: INDUSTRIEABGASE
he06,"ALLG. BELAST.: VERKEHRSLAERM, AUTOABGASE"
he07,PERSOENLICHE BELASTUNG: FLUGLAERM
he08,PERS.BELASTUNG: BLEIGEHALT IM BENZIN
he09,PERS.BELASTUNG: INDUST.ABFALL IM WASSER
he10,PERS.BELASTUNG: KERNKRAFTWERKE
he11,PERS.BELASTUNG: INDUSTRIEABGASE
he12,"PERS.BELASTUNG: VERKEHRSLAERM,AUTOABGASE"
ha01,HABEN SIE SCHON VON AIDS GEHOERT?
ha02,"VON AIDS GEHOERT IN: TV, RADIO, ZEITUNG"
ha03,AIDSINFIZIERTE: HOEHERE KASSENBEITRAEGE
ha04,AIDSINFIZIERTE: MOEGL. ENTLASSUNGSGRUND
ha05,AIDSINFIZIERTE: EINREISE VERWEIGERN
ha06,AIDSINFIZIERTE: NAMENTL. MELDEPFLICHT
ha07,"BESORGT, PERSOENLICHE ANSTECKUNGSGEFAHR"
ha08,SCHUTZMASSNAHMEN VOR AIDS ERGRIFFEN?
ha09,MASSNAHMEN: KEINE FLUECHT. SEX. KONTAKTE
ha10,MASSNAHMEN: AIDS-TEST V.PARTNER VERLANGT
ha11,MASSNAHMEN: PARTNERWAHL SORGFAELTIGER
ha12,MASSNAHMEN: LEBE SEXUELL ENTHALTSAMER
ha13,MASSNAHMEN: SEX MIT FREMDEN MIT KONDOM
ha14,MASSNAHMEN:ALLG.VORSICHTIGER BEI FREMDEN
ha15,MASSNAHMEN: HABE TEST MACHEN LASSEN
ha16,MASSNAHMEN: BEI VERDACHT KEIN KONTAKT
ha17,MASSNAHMEN: HABE WENIGER SEXUALPARTNER
ha18,"MASSNAHMEN: KEINE OEFF. BAEDER, SAUNEN"
ha19,MASSNAHMEN: SONST. MASSNAHMEN ERGRIFFEN?
ha20,MASSNAHMEN: AIDSSCHUTZMASSNAHMEN 1.NENN.
ha21,MASSNAHMEN: AIDSSCHUTZMASSNAHMEN 2.NENN.
ha22,BEKANNTSCHAFT MIT AIDS-INFIZIERTEN?
rd01,"KONFESSION, BEFRAGTE(R)"
rd02,CHRISTLICH-ORTHODOXE KONFESSION?
rd03,WELCHE NICHTCHRISTLICHE RELIGION?
rd04,FRUEHER KIRCHENMITGLIED?
rd05,FRUEHERE KONFESSION
rd06,FRUEHER CHRISTL.ORTHODOXE KONFESSION?
rd07,WELCHE NICHTCHRISTL. RELIGION FRUEHER?
rp01,KIRCHGANGSHAEUFIGKEIT
rp02,WIE OFT BESUCH GOTTESHAUS?
rp03,"KIRCHGANGSHAEUFIGKEIT, BEFR. ALS KIND"
ru01,ROLLE DER RELIG.ERZIEHUNG IM ELTERNHAUS
ru02,ROLLE RELIG. ERZIEHUNG EIGENE KINDER
rp04a,WIE OFT BETEN SIE? (11ER SKALA)
rp04b,BEFR.: WIE OFT BETEN SIE? (7ER SKALA)
rp05,"HAEUFIGKEIT VON KIRCHL.AKTIVITAETEN,BEFR"
rp06,"WIE OFT MEDITATION, INNERE EINKEHR?"
rp07,HAEUFIGKEIT V. KIRCHL. SENDUNGEN HOEREN?
rb01,GOTT BEFASST SICH PERSOENLICH M.MENSCHEN
rb02,"ES IST EIN GOTT, DER FUER UNS SEIN WILL"
rb03,GOTT IST NUR DAS WERTVOLLE IM MENSCHEN
rb04,LETZTL.BESTIMMEN NATURGESETZE DAS LEBEN
rb05,GOTT IST LEDIGL.IN DEN HERZEN D.MENSCHEN
rb06,LEBEN IST NUR TEIL D.NATURENTWICKLUNG
ra01,"LEBEN HAT NUR BEDEUTUNG, WEIL GOTT IST"
ra02,"LEBENSSINN, WEIL ES NACH TOD ETWAS GIBT"
ra03,DEM LEBEN KANN MAN NUR SELBST SINN GEBEN
ra04,SINN DES LEBENS: DAS BESTE DARAUS MACHEN
ra05,DAS LEBEN HAT FUER MICH WENIG SINN
ra06,LEBENSSINN: LEBEN DIENT ZU GAR NICHTS
rb07,"RELIGIOSITAETSSKALA, BEFRAGTE(R)"
rb14,"SPIRITUALITAETSSKALA, BEFRAGTE(R)"
rb08,GOTTESGLAUBEN
rb09,GLAUBEN AN: LEBEN NACH DEM TOD
rb10,GLAUBEN AN: HIMMEL
rb11,GLAUBEN AN: HOELLE
rb12,GLAUBEN AN: REINKARNATION
rb13,GLAUBEN AN: WUNDER
ra07,"EGAL, OB ES GOTT GIBT"
ra08,"EGAL, OB ES EINE HOEHERE MACHT GIBT"
ra09,FOLGE KEINER RELIGIOESEN LEHRE
ra10,ORIENTIERUNG AN RATIONAL FASSBAREM
ra11,NACHDENKEN UEBER GLAUBENSFRAGEN
ra12,NACHDENKEN UEBER SINN DES LEBENS
re01,ERFAHRUNG: NAEHE GOTTES DURCH GLAUBEN
re02,ERFAHRUNG: WIRKEN UEBERNATUERL. KRAEFTE
rh01a,"ERFAHRUNG: NEW AGE, WASSERMANN AERA"
rh02a,"ERFAHRUNG: ZEN-MEDITATION, WEISHEITEN"
rh03a,"ERFAHRUNG: ANTHROPOSOPHIE, THEOSOPHIE"
rh05a,ERFAHRUNG: MYSTIK
rh06a,"ERFAHRUNG: MAGIE,SPIRITISMUS,OKKULTISMUS"
rh07a,"ERFAHRUNG: PENDELN, WUENSCHELRUTEN"
rh08a,"ERFAHRUNG: ASTROLOGIE, HOROSKOPE"
rh09a,"ERFAHRUNG: TAROT-KARTEN, WAHRSAGEN"
rh10a,"ERFAHRUNG: WUNDERHEILER, GEISTHEILER"
rh13a,"ERFAHRUNG: HOMOEOPATHIE,BACHBLUETEN USW."
rh01b,"HALTE VON: NEW AGE, WASSERMANN AERA"
rh02b,"HALTE VON: ZEN-MEDITATION, WEISHEITEN"
rh03b,"HALTE VON: ANTHROPOSOPHIE, THEOSOPHIE"
rh05b,HALTE VON: MYSTIK
rh06b,"HALTE VON: MAGIE,SPIRITISMUS,OKKULTISMUS"
rh07b,"HALTE VON: PENDELN, WUENSCHELRUTEN"
rh08b,"HALTE VON: ASTROLOGIE, HOROSKOPE"
rh09b,"HALTE VON: TAROT-KARTEN, WAHRSAGEN"
rh10b,"HALTE VON: WUNDERHEILER, GEISTHEILER"
rh11b,"HALTE VON: YOGA, TAI CHI, QI GONG"
rh12b,"HALTE VON: AYURVEDA, REIKI, SHIATSU USW."
rh13b,"HALTE VON: HOMOEOPATHIE,BACHBLUETEN USW."
ra14,WELT WAERE FRIEDLICHER OHNE RELIGION
ra15,WISSENSCHAFT: MEHR SCHADEN ALS NUTZEN
ra16,WISSENSCHAFT WIRD NIE ALLES ERKLAEREN
ra17,RELIGION BRINGT MENSCHEN EINANDER NAEHER
ra18,MEHR RELIGIOESE MENSCHEN IN AEMTERN
ra19,WAHRHEIT NUR IN EINER RELIGION?
rr01,KIRCHLICHE BEERDIGUNG?
rr02,KIRCHLICH BZW. RELIGIOES GETRAUT?
rr03,HEUTE GGFS. NOCHMALS KIRCHL.TRAUUNG?
rr04,SIND DIE KINDER GETAUFT?
rr04a,"TAUFE, FALLS SIE KINDER HAETTEN?"
rs01,EINHEIRAT IN EIGENE FAMILIE: KATHOLIK
rs02,EINHEIRAT IN EIGENE FAMILIE: PROTESTANT
rs03,EINHEIRAT IN EIGENE FAMILIE: MUSLIM
rs04,EINHEIRAT IN EIGENE FAMILIE: JUDE
rs05,EINHEIRAT IN EIGENE FAMILIE: ATHEIST
va01,WICHTIGKEIT VON RUHE UND ORDNUNG
va02,WICHTIGKEIT VON BUERGEREINFLUSS
va03,WICHTIGKEIT DER INFLATIONSBEKAEMPFUNG
va04,WICHTIGKEIT V. FREIER MEINUNGSAEUSSERUNG
ingle,INGLEHART-INDEX
vi01,WICHTIG: GESETZ UND ORDNUNG RESPEKTIEREN
vi02,WICHTIG: HOHER LEBENSSTANDARD
vi03,WICHTIG: MACHT UND EINFLUSS
vi04,WICHTIG: PHANTASIE UND KREATIVITAET
vi05,WICHTIG: SICHERHEITSSTREBEN
vi06,WICHTIG: BENACHTEILIGTEN HELFEN
vi07,WICHTIG: DURCHSETZUNGSVERMOEGEN
vi08,WICHTIG: FLEISS UND EHRGEIZ
vi09,WICHTIG: TOLERANZ
vi10,WICHTIG: POLITISCHES ENGAGEMENT
vi11,WICHTIG: HEDONISMUS
vi12,WICHTIG: GOTTESGLAUBE
vi13,WICHTIG: LEISTUNG IM BERUF
vi14,WICHTIG: SELBSTVERWIRKLICHUNG
vm01,ABTREIB.- WENN WAHRSCH.BABY NICHT GESUND
vm02,"ABTREIB.- VERH.FRAU,KEINE KINDER MEHR"
vm03,ABTREIB.- BEI GESUNDHEITSGEFAEHRD.D.FRAU
vm04,ABTREIB.- BEI FINANZ.NOTLAGE DER FAMILIE
vm05,ABTREIBUNG- NACH VERGEWALTIGUNG
vm06,"ABTREIB.- LEDIGE MUTTER, OHNE EHEWUNSCH"
vm07,ABTREIBUNG - WENN DIE FRAU ES WILL
vm08,BIS WANN ABTREIB.: BABY ERNSTHAFT KRANK
vm09,BIS WANN ABTREIB.: KEIN WEITERES KIND
vm10,BIS WANN ABTREIB.: MUTTER GEFAEHRDET
vm11,BIS WANN ABTREIB.: KEIN GELD FUER KIND
vm12,BIS WANN ABTREIB.: WENN ALLEINERZIEHEND
vm13,BIS WANN ABTREIB.: GG. WILLEN D. VATERS
vm14,BIS WANN ABTREIB.: KEIN KINDERWUNSCH
vm15,BIS WANN ABTREIB.: UNABHAENGIG VON GRUND
sn01,ANZAHL GENANNTER NETZWERKPERSONEN
casex,FREUND(IN) A: GESCHLECHT
caage,FREUND(IN) A: ALTER
casn10,FREUND(IN) A: VERWANDTSCHAFT
cawork,FREUND(IN) A: BERUFSTAETIGKEIT?
cadw02,"FREUND(IN) A: BERUFL.STELLUNG,KENNZIFFER"
casn12,FREUND(IN) A: WAHLPRAEFERENZ
cagerman,FREUND(IN) A: DT. STAATSBUERGERSCHAFT?
cbsex,FREUND(IN) B: GESCHLECHT
cbage,FREUND(IN) B: ALTER
cbsn10,FREUND(IN) B: VERWANDTSCHAFT
cbwork,FREUND(IN) B: BERUFSTAETIGKEIT?
cbdw02,"FREUND(IN) B: BERUFL.STELLUNG,KENNZIFFER"
cbsn12,FREUND(IN) B: WAHLPRAEFERENZ
cbgerman,FREUND(IN) B: DT. STAATSBUERGERSCHAFT?
ccsex,FREUND(IN) C: GESCHLECHT
ccage,FREUND(IN) C: ALTER
ccsn10,FREUND(IN) C: VERWANDTSCHAFT
ccwork,FREUND(IN) C: BERUFSTAETIGKEIT?
ccdw02,"FREUND(IN) C: BERUFL.STELLUNG,KENNZIFFER"
ccsn12,FREUND(IN) C: WAHLPRAEFERENZ
ccgerman,FREUND(IN) C: DT. STAATSBUERGERSCHAFT?
sn19,KENNEN SICH A + B?
sn20,KENNEN SICH A + C?
sn21,KENNEN SICH B + C?
sm01,MITGLIED IN EINER GEWERKSCHAFT?
sm02,FRUEHER GEWERKSCHAFTSMITGLIED?
sm03,MITGLIED IN EINER POLITISCHEN PARTEI?
sm15,MITGLIED: DGB
sm16,MITGLIED: DAG
sm17,MITGLIED: ANDERE GEWERKSCHAFT
sm18,MITGLIED: CGB (CHRISTLICHE GEWERKSCHAFT)
sm19,MITGLIED: ULA (UNION LEITENDER ANGEST.)
sm20,MITGLIED: BAUERNVERBAND
sm21,MITGLIED: DBB
sm22,MITGLIED: GEWERBEVERBAND
sm23,"MITGLIED: UNTERNEHMERVERBAND, BDI"
sm24,MITGLIED: VERBAND DER FREIEN BERUFE
sm25,MITGLIED: SONSTIGER BERUFSVERBAND
sm03a,MITGLIED: POLITISCHE PARTEI
sm26,MITGLIED: IN WELCHER PARTEI?
sm27,MITGLIED: IN WELCHER 2.POLIT. PARTEI?
sm28,MITGLIED: KIRCHL. OD. RELIGIOES. VEREIN
sm29,MITGLIED: WELCHE RELIGIOESEN VEREINIG.?
sm30,MITGLIED: WELCHE 2.RELIGIOESEN VEREIN.?
sm31,MITGLIED: WELCHE 3.RELIGOESE VEREINIG.?
sm32,MITGLIED: GESANGVEREIN
sm33,MITGLIED: SPORTVEREIN
sm34,MITGLIED: SONST. HOBBYVEREIN
sm35,"MITGLIED: HEIMAT-, BUERGERVEREIN"
sm36,MITGLIED: SONSTIGER GESELLIGER VEREIN
sm37,MITGLIED: VERTRIEBENENVERBAND
sm38,MITGLIED: WOHLFAHRTSVERBAND
sm39,"MITGLIED: JUGEND-, STUDENT. VEREIN"
sm40,MITGLIED: BUERGERINITIATIVE
sm41,MITGLIED: ANDERE VEREINE
sm42,MITGLIED: WELCHER SONSTIGE VEREIN 1
sm43,MITGLIED: WELCHER SONSTIGE VEREIN 2
sm44,MITGLIED: WELCHER SONSTIGE VEREIN 3
sm04,MITGLIEDSSTATUS: KULTURVEREIN
sm05,MITGLIEDSSTATUS: SPORTVEREIN
sm06,MITGLIEDSSTATUS: SONST. HOBBYVEREIN
sm07,MITGLIEDSSTATUS: WOHLTAETIGKEITSVEREIN
sm08,MITGLIEDSSTATUS: MENSCHENRECHTSORGAN.
sm09,MITGLIEDSSTATUS: NATURSCHUTZORGANISATION
sm10,MITGLIEDSSTATUS: GESUNDHEITSVEREIN
sm11,MITGLIEDSSTATUS: ELTERNORGANISATION
sm12,MITGLIEDSSTATUS: SENIORENVEREIN
sm13,MITGLIEDSSTATUS: BUERGERINITIATIVE
sm14,MITGLIEDSSTATUS: ANDERE VEREINE
sm45,MITGLIED: INFORMELLE GRUPPE
si01,ZEITAUFWAND FUER VEREINSKOLLEGEN
si02,ZEITAUFWAND FUER ARBEITSKOLLEGEN
si03,ZEITAUFWAND FUER FREUNDE
st01,VERTRAUEN ZU MITMENSCHEN
lp03,LAGEVERSCHLECHTERUNG FUER EINFACHE LEUTE
lp04,BEI DIESER ZUKUNFT KEINE KINDER MEHR
lp05,POLITIKER UNINTERESSIERT AN EINF.LEUTEN
lp06,MEHRHEIT UNINTERESSIERT AN MITMENSCHEN
lp07,REVANCHE: ANDERE IN SCHWERE LAGE BRINGEN
lp08,FUER EMPFANGENE HILFE ANDEREN HELFEN
cf01,NACHTS ALLEINE ANGST IN ENGERER UMGEBUNG
cf02,NACHTS ALLEINE ANGST IN ANDERER GEGEND
ce01,BEFR.BESTOHLEN WORDEN IN DEN LETZTEN 3J.
ca01,VERHALTENSBEURT.: GEWALT BEI WIDERSPRUCH
ca02,VERHALTENSBEURTEIL: GEWALT GEGEN KINDER
ca03,VERHALTENSBEURT.:SCHWANGERSCHAFTSABBRUCH
ca04,VERHALTENSBEURTEIL: AERZTL. STERBEHILFE
ca05,VERHALTENSBEURTEIL: STEUERBETRUG
ca06,VERHALTENSBEURTEIL: SCHWARZFAHREN
ca07,VERHALTENSBEURTEIL: KAUFHAUSDIEBSTAHL
ca08,VERHALTENSBEURTEIL:VERGEWALTIGUNG IN EHE
ca09,VERHALTENSBEURTEIL.:DIEBSTAHL IN WOHNUNG
ca10,VERHALTENSBEURTEIL: ALKOHOL AM STEUER
ca11,VERHALTENSBEURT.: AUSLAENDERFEINDL. WIRT
ca12,VERHALTENSBEURTEILUNG: HASCHISCHKONSUM
ca13,VERHALTENSBEURTEILUNG: HOMOSEXUALITAET
ca14,VERHALTENSBEURTEILUNG: EHEBRUCH
ca15,VERBOT FUER: GEWALT GEGEN KINDER
ca16,VERBOT FUER: SCHWANGERSCHAFTSABBRUCH
ca17,VERBOT FUER: AERZTLICHE STERBEHILFE
ca18,VERBOT FUER: VERGEWALTIGUNG IN DER EHE
ca19,VERBOT FUER: HASCHISCHKONSUM
ca20,VERBOT FUER: HOMOSEXUALITAET
ca34,VERBOT FUER: AUSLAENDERFEINDL. WIRT
cs01,SCHON VERUEBT: SCHWARZFAHREN?
cs02,SCHON VERUEBT: ALKOHOL AM STEUER?
cs03,SCHON VERUEBT: LADENDIEBSTAHL?
cs04,SCHON VERUEBT: STEUERBETRUG?
cs05,SCHWARZFAHREN IN DER ZUKUNFT?
cs06,ALKOHOL AM STEUER IN DER ZUKUNFT?
cs08,LADENDIEBSTAHL IN DER ZUKUNFT?
cs09,STEUERBETRUG IN DER ZUKUNFT?
cp01,ENTDECKUNGSWAHRSCHEIN.: SCHWARZFAHREN
cp02,ENTDECKUNGSWAHRSCHEIN.:ALKOHOL AM STEUER
cp03,ENTDECKUNGSWAHRSCHEIN.:KAUFHAUSDIEBSTAHL
cp04,ENTDECKUNGSWAHRSCHEINLICHK.:STEUERBETRUG
ca21,WICHTIGKEIT: BESTRAFUNG EINES DIEBES
ca22,ZUSTIMMUNG: GESETZESTREUE
ca23,ABSCHRECKUNG DURCH HARTE STRAFEN?
ca32,ZWECK VON BESTRAFUNG: 1. NENNUNG
ca33,ZWECK VON BESTRAFUNG: 2. NENNUNG
ca24,MEINUNG: GERICHTSURTEILE ZU HART?
ca27,STRAFE FUER: GEWALT BEI WIDERSPRUCH
ca28,STRAFE FUER: KAUFHAUSDIEBSTAHL
ca29,STRAFE FUER: DIEBSTAHL IN WOHNUNG
sex,"GESCHLECHT, BEFRAGTE(R)"
yborn,GEBURTSJAHR: BEFRAGTE(R)
mborn,GEBURTSMONAT: BEFRAGTE(R)
age,ALTER: BEFRAGTE(R)
german,DEUTSCHE STAATSANGEHOERIGKEIT?
dn01,BEFR.: STAATSBUERGERSCHAFT 1
dn02,BEFR.: STAATSBUERGERSCHAFT 2
dn03,BEFR.: STAATSBUERGERSCHAFT 3
dn04,BEFR.: ZAHL DER STAATSBUERGERSCHAFTEN
de19,"GEGENWAERTIGER SCHULBESUCH, BEFRAGTE(R)"
de20,"GEGENWAERTIG BESUCHTE SCHULE, BEFR."
educ,ALLGEMEINER SCHULABSCHLUSS
educy,DAUER DER SCHULAUSBILDUNG IN JAHREN
de01,BEFR.: BERUFLICHER AUSBILDUNGSABSCHLUSS
de05,BEFR.: KEIN BERUFL. AUSBILDUNGSABSCHLUSS
de06,BEFR.: BERUFLICH-BETRIEBL. ANLERNZEIT
de07,BEFR.: TEILFACHARBEITERABSCHLUSS
de08,"BEFR.: GEWERBLICHE, LANDWIRTSCH. LEHRE"
de09,BEFR.: KAUFMAENNISCHE LEHRE
de10,"BEFR.: BERUFL. PRAKTIKUM, VOLONTARIAT"
de11,BEFR.: FACHSCHULABSCHLUSS
de12,BEFR.: BERUFSFACHSCHULABSCHLUSS
de13,"BEFR.: MEISTER, TECHNIKERABSCHLUSS"
de14,BEFR.: FACHHOCHSCHULABSCHLUSS
de15,BEFR.: HOCHSCHULABSCHLUSS
de16,BEFR.:ANDERER BERUFSAUSBILDUNGSABSCHLUSS
de17,BEFR.: ART DES FH-ABSCHLUSSES
de18,BEFR.: ART DES UNI-ABSCHLUSSES
iscd975,BEFR.: ISCED 1997 - 5 STUFEN
iscd11,BEFR.: ISCED 2011
work,BEFRAGTE(R) BERUFSTAETIG?
dw38,ERWERBSTAETIGKEIT NEBEN DEM HAUPTBERUF
dw01,BEFR.: JETZIGE BERUFLICHE STELLUNG
dw02,"BEFR.: JETZIGE BERUFL.STELLUNG,KENNZIFF."
dw03,BEFR.: STATUS DER NICHTERWERBSTAETIGKEIT
isco68,"BEFR.: JETZIGER BERUF, ISCO 1968"
dw04,BEFR.: JETZIGE BERUFSUNTERGRUPPE I68
dw05,BEFR.: JETZIGE BERUFSHAUPTGRUPPE I68
tps68,BEFR.: JETZIGES TREIMANPRESTIGE I68
mps68,BEFR.: JETZIGES MAGNITUDEPRESTIGE I68
isei68,BEFR.: ISEI NACH GANZEBOOM I68
gld68,"GOLDTHORPEKLASSEN,GEGENW.BERUF,BEFR. I68"
isco88,"BEFR.: JETZIGER BERUF, ISCO 1988"
siops88,"BEFR.: JETZIGER BERUF, SIOPS I88"
mps88,BEFR.: JETZIGES MAGNITUDEPRESTIGE I88
isei88,BEFR.: ISEI NACH GANZEBOOM I88
isco08,"BEFR.: JETZIGER BERUF, ISCO 2008"
siops08,"BEFR.: JETZIGER BERUF, SIOPS I08"
isei08,BEFR.: ISEI NACH GANZEBOOM I08
eseg,BEFR.: SOZIO-OEKONOMISCHE GRUPPE (ESEG)
dw16,"FURCHT: STELLUNGSVERLUST, ARBEITNEHMER"
dw17,"FURCHT: BETRIEBSVERLUST, SELBSTAENDIGE"
dw06,BEFRAGTE(R): JETZIGE BRANCHE
dw07,IM OEFFENTLICHEN DIENST TAETIG?
dw08,BEFRISTETES ARBEITSVERHAELTNIS?
dw09,"HAUPTBERUFL.ERWERBST.:ARBEITSWEG,MINUTEN"
dw10,"BERUFLICHE AUFSICHTSFUNKTION, BEFR.?"
dw11,ZAHL DER GGF. BEAUFSICHTIGTEN PERSONEN
dw12,BEFR.: BIS WANN BERUFSTAETIG GEWESEN?
dw12a,BEFR.: ALTER BEI AUFGABE DES BERUFS
dw12b,BEFR.: JAHRE SEIT AUFGABE DES BERUFS
dw01a,BEFR.: LETZTE BERUFLICHE STELLUNG
dw02a,"BEFR.: LETZTE BERUFL.STELL., KENNZIFFER"
isco68a,"BEFR.: LETZTER BERUF, ISCO 1968"
dw04a,BEFR.: LETZTE BERUFSUNTERGRUPPE I68
dw05a,BEFR.: LETZTE BERUFSHAUPTGRUPPE I68
tps68a,"BEFR.: TREIMANPRESTIGE, LETZT. BERUF I68"
mps68a,"BEFR.: MAGNITUDEPRES., LETZTER BERUF I68"
isei68a,"BEFR.: ISEI GANZEBOOM, LETZTER BERUF I68"
gld68a,"GOLDTHORPEKLASSEN,EHEMAL.BERUF,BEFR. I68"
isco88a,"BEFR.: LETZTER BERUF, ISCO 1988"
siops88a,"BEFR.: LETZTER BERUF, SIOPS I88"
mps88a,"BEFR.: MAGNITUDEPRES., LETZTER BERUF I88"
isei88a,"BEFR.: ISEI GANZEBOOM, LETZTER BERUF I88"
isco08a,"BEFR.: LETZTER BERUF, ISCO 2008"
siops08a,"BEFR.: LETZTER BERUF, SIOPS I08"
isei08a,"BEFR.: ISEI GANZEBOOM, LETZTER BERUF I08"
dw13,WANN ERSTMALS HAUPTBERUFL.TAETIG?
dw01b,"1.HAUPTBERUF, BERUFLICHE STELLUNG"
dw02b,"1.HAUPTBERUF, BERUFLICHE STELLUNG,KENNZ."
isco68b,"1.HAUPTBERUF, ISCO 1968"
dw04b,"1.HAUPTBERUF, BERUFSUNTERGRUPPE"
dw05b,"1.HAUPTBERUF, BERUFSHAUPTGRUPPE"
tps68b,"1.HAUPTBERUF, TREIMANPRESTIGE"
mps68b,"1.HAUPTBERUF, MAGNITUDEPRESTIGE I68"
gld68b,"GOLDTHORPEKLASSEN, 1. HAUPTBERUF, BEFR."
isco88b,"1.HAUPTBERUF, ISCO 1988"
siops88b,"1.HAUPTBERUF, SIOPS 1988"
isei88b,"ISEI GANZEBOOM, 1.HAUPTBERUF, 1988"
dw14,SEIT WANN I.D. GEGENWAERT. ARBEITSTELLE?
dw39,"ANZAHL,BESCHAEFTIGTE B.D. ARBEITSSTELLE"
dw15,BEFRAGTER: ARBEITSSTUNDEN PRO WOCHE
dw37,"BEFR.:NEBENERWERB, ARBEITSSTD. PRO WOCHE"
dw40,"ARBEITSSTUNDEN PRO WOCHE,ZWEITTAETIGKEIT"
dw18,BERUFST.: ARBEITSLOS I.D. LETZTEN 10 J.?
dw19,DAUER DER ARBEITSLOSIGKEIT IN WOCHEN
dw20,NICHTBERUFST.:JEMALS ARBEITSLOS GEWESEN?
dw22,ARBEITSLOS:FRUEHER SCHON MAL ARBEITSLOS?
dw23,DAUER (EHEMALIGER) ARBEITSLOSIGKEIT
dw24,BEFR.: BERUFSTAETIGKEIT UNTERBROCHEN
dw25,UNTERBR.BERUFSTAET.: ARBEITSLOSIGKEIT
dw26,UNTERBR.BERUFSTAET.: WEITERBILDUNG
dw27,"UNTERBR.BERUFSTAET.:KRIEG,GEFANGENSCHAFT"
dw28,"UNTERBR.BERUFSTAET.: WEHR-, ZIVILDIENST"
dw29,UNTERBR.BERUFSTAET.: HEIRAT
dw30,UNTERBR.BERUFSTAET.: SCHWANGERSCHAFT
dw31,UNTERBR.BERUFSTAET.: KINDERERZIEHUNG
dw32,UNTERBR.BERUFSTAET.: HAUSHALTSFUEHRUNG
dw33,UNTERBR.BERUFSTAET.: KRANKHEIT
dw34,UNTERBR.BERUFSTAET.: PRIVATE GRUENDE
dw35,UNTERBR.BERUFSTAET.: SONSTIGE GRUENDE
dw36,BEFR.: HEUTE WUNSCH NACH ARBEIT?
di01a,"BEFR.: NETTOEINKOMMEN, OFFENE ABFRAGE"
di02a,"BEFR.: NETTOEINKOMMEN, LISTENABFRAGE"
inc,BFR.:NETTOEINKOMMEN(OFFENE+LISTENANGABE)
incc,"NETTOEINKOMMEN(OFFENE+LISTENANGABE),KAT."
di03,BEFR.: VORWIEGENDER LEBENSUNTERHALT
di04,"KAPITALEINKOMMEN UEBER 10000 DM, BEFR."
di05,HAUSHALTSNETTOEINKOMMEN: OFFENE ABFRAGE
di06,HAUSHALTSNETTOEINKOMMEN: LISTENABFRAGE
hhinc,HAUSHALTSEINKOMMEN (OFFENE+LISTENANGABE)
hhincc,"HAUSHALTSEINK.(OFFENE+LISTENANGABE),KAT."
di07,PRO-KOPF-EINKOMMEN
di07c,"PRO-KOPF-EINKOMMEN, KATEGORISIERT"
di08,AEQUIVALENZEINKOMMEN OECD - NEU
di08c,"AEQUIVALENZEINKOMMEN OECD - NEU, KAT."
di09,MEINUNG ZU GESAMTEINKOMMEN DES HAUSHALTS
di10,"LOHN, GEHALT IM HAUSHALT?"
di11,SELBSTAENDIGENEINKOMMEN IM HAUSHALT?
di12,"LOHN, GEHALT, SELBSTAENDIGENEINK. IM HH?"
di13,"ZINS-, VERMOEGENSEINKUENFTE IM HAUSHALT?"
di14,WERTPAPIEREINKUENFTE IM HAUSHALT?
di15,"MIET-, UND PACHTEINKUENFTE IM HAUSHALT?"
di16,ANDERE VERMOEGENSEINKUENFTE IM HAUSHALT?
di17,KINDERGELDBEZUG IM HAUSHALT?
di18,WOHNGELDBEZUG IM HAUSHALT
di19,ARBEITSLOSENGELD O.AEHNLICH.IM HAUSHALT?
di20,"KRANKEN-, MUTTERSCHAFTSGELD IM HAUSHALT?"
di21,ELTERNGELD ODER AEHNLICHES IM HAUSHALT?
di22,BAFOEG IM HAUSHALT?
di23,"AND.AUSBILDUNGS-, UMSCHULUNGSGELD.IM HH?"
di24,ALG II/SOZIALHILFE IM HAUSHALT?
di25,PRIVATE UNTERHALTSZAHLUNGEN IM HAUSHALT?
di26,SONSTIGE SOZIALLEISTUNGEN IM HAUSHALT?
di27,RENTENBEZUG IM HAUSHALT?
di28,PENSIONSBEZUG IM HAUSHALT?
di29,SONSTIGE EINKUENFTE IM HAUSHALT?
di90,ANZAHL DER EINKOMMENSQUELLEN IM HAUSHALT
di91,HAUPTEINKOMMENSQUELLE IM HH.(ZUSAMMENG.)
mstat,"FAMILIENSTAND, BEFRAGTE(R)"
df01,BEFR.:M.EHEP. VOR HEIRAT ZUSAMMENGELEBT
df01a,"BEFR.: AB WANN ZUSAMMENGELEBT, JAHR"
df01b,"BEFR.: AB WANN ZUSAMMENGELEBT, MONAT"
scyborn,GEGENWAERTIGER EHEPARTNER: GEBURTSJAHR
scmborn,GEGENWAERTIGER EHEPARTNER: GEBURTSMONAT
scage,GEGENWAERTIGER EHEPARTNER: ALTER
scdn01,EHEP.: STAATSBUERGERSCHAFT 1
scdn02,EHEP.: STAATSBUERGERSCHAFT 2
scdn03,EHEP.: STAATSBUERGERSCHAFT 3
scdn04,EHEP.: ZAHL DER STAATSBUERGERSCHAFTEN
scdn05,EHEP.: VON GEBURT AN DEUTSCH?
scdn06,EHEP.: URSPRUENGL. STAATSBUERGERSCHAFT
scrd01,GEGENWAERTIGER EHEPARTNER: KONFESSION
sceduc,GEGENW.EHEP.: ALLGEMEIN.SCHULABSCHLUSS
scde01,GEGENW.EHEP.:BERUFL.AUSBILDUNGSABSCHLUSS
scde05,GEGENW.EHEP.: KEIN BERUFL.ABSCHLUSS
scde06,GEGENW.EHEP.: BERUFL.-BETR. ANLERNZEIT
scde07,GEGENW.EHEP.: TEILFACHARBEITERABSCHLUSS
scde08,"GEGENW.EHEP.: GEWERBL.-,LANDWIRT. LEHRE"
scde09,GEGENW.EHEP.: KAUFMAENNISCHE LEHRE
scde10,"GEGENW.EHEP.: BERUFL.PRAKTIKUM, VOLONT."
scde11,GEGENW.EHEP.: FACHSCHULABSCHLUSS
scde12,GEGENW.EHEP.: BERUFSFACHSCHULABSCHLUSS
scde13,"GEGENW.EHEP.: MEISTER-,TECHNIKERABSCHL."
scde14,GEGENW.EHEP.: FACHHOCHSCHULABSCHLUSS
scde15,GEGENW.EHEP.: HOCHSCHULABSCHLUSS
scde16,GEGENW.EHEP.: ANDERER BERUFL.ABSCHLUSS
scde17,GEGENW.EHEP.: ART DES FH-ABSCHLUSSES
scde18,GEGENW.EHEP.: ART DES UNI-ABSCHLUSSES
sciscd975,GEGENW.EHEP.: ISCED 1997 - 5 STUFEN
sciscd11,GEGENW.EHEP.: ISCED 2011
scwork,GEGENWAERTIGER EHEP. BERUFSTAETIG?
scdw01,GEGENW.EHEP.: JETZIGE BERUFL. STELLUNG
scdw02,"GEGENW.EHEP.: JETZIGE BERUFL.STELLUNG,KZ"
scdw03,EHEP.: STATUS DER NICHTERWERBSTAETIGKEIT
scisco68,"GEGENW.EHEP.: JETZIGER BERUF, ISCO 1968"
scdw04,GEGENW.EHEP.: JETZIGE BERUFSUNTERGR. I68
scdw05,GEGENW.EHEP.: JETZIGE BERUFSHAUPTGR. I68
sctps68,GEGENW.EHEP.:JETZIG.TREIMANPRESTIGE I68
scmps68,GEGENW.EHEP.: JETZIG. MAGNITUDEPREST.I68
scisei68,GEGENW.EHEP.: ISEI NACH GANZEBOOM I68
scgld68,"GOLDTHORPEKLASSEN, GEGENW.BERUF,EHEP.I68"
scisco88,"GEGENW.EHEP.: JETZIGER BERUF, ISCO 1988"
scsiop88,GEGENW.EHEP.: SIOPS I88
scmps88,GEGENW.EHEP.: JETZIG. MAGNITUDEPREST.I88
scisei88,GEGENW.EHEP.: ISEI NACH GANZEBOOM I88
scisco08,"GEGENW.EHEP.: JETZIGER BERUF, ISCO 2008"
scsiop08,GEGENW.EHEP.: SIOPS I08
scisei08,GEGENW.EHEP.: ISEI NACH GANZEBOOM I08
sceseg,GEGENW.EHEP.: SOZIO-OEKON.GRUPPE (ESEG)
scdw07,EHEP.: IM OEFFENTLICHEN DIENST TAETIG?
scdw12a,GEGENW.EHEP.: BERUFSTAETIG BIS? 1
scdw12b,GEGENW.EHEP.: BERUFSTAETIG BIS? 2
scdw18,"WAR GEGENW.,BERUFSTAET.EHEP.ARBEITSLOS?"
scdw19,"DAUER D.EHEMALIGEN ARBEITSLOSIGK., EHEP."
scdw16,"FURCHT: STELLUNGSVERLUST, GEGENW.EHEP."
scdw17,"FURCHT VOR BETRIEBSVERLUST, GEGENW.EHEP."
scdw01a,GEGENW.EHEP.: LETZTE BERUFL. STELLUNG
scdw02a,"GEGENW.EHEP.: LETZTE BERUFL.STELLUNG,KZ."
scisc68a,"GEGENW.EHEP.: LETZTER BERUF, ISCO 1968"
scdw04a,GEGENW.EHEP.: LETZTE BERUFSUNTERGRUPPE
scdw05a,GEGENW.EHEP.: LETZTE BERUFSHAUPTGRUPPE
sctps68a,GEGENW.EHEP.: LETZTES TREIMANPRESTIGE
scmps68a,GEGENW.EHEP.: L. MAGNITUDEPRESTIGE I68
scgld68a,"GEGENW.EHEP.:LETZTER BERUF,GOLDTHORPEKL."
sfyborn,EHEMALIGER EHEPARTNER: GEBURTSJAHR
sfmborn,EHEMALIGER EHEPARTNER: GEBURTSMONAT
sfage,EHEMALIGER EHEPARTNER: ALTER
sfrd01,EHEMALIGER EHEPARTNER: KONFESSION
sfeduc,EHEM.EHEP.: ALLGEMEIN. SCHULABSCHLUSS
sfde01,EHEM.EHEP.: BERUFL. AUSBILDUNGSABSCHLUSS
sfde05,EHEM.EHEP.: KEINEN BERUFL. ABSCHLUSS
sfde06,"EHEM.EHEP.: BERUFL.-, BETR. ANLERNZEIT"
sfde08,"EHEM.EHEP.: GEWERB.-, LANDWIRTSCH. LEHRE"
sfde09,EHEM.EHEP.: KAUFMAENNISCHE LEHRE
sfde10,"EHEM.EHEP.: BERUFL. PRAKTIKUM, VOLONTAR."
sfde12,EHEM.EHEP.: BERUFSFACHSCHULABSCHLUSS
sfde13,"EHEM.EHEP.: MEISTER-, TECHNIKERABSCHLUSS"
sfde14,EHEM.EHEP.: FACHHOCHSCHULABSCHLUSS
sfde15,EHEM.EHEP.: HOCHSCHULABSCHLUSS
sfde16,EHEM.EHEP.: ANDERER BERUFL. ABSCHLUSS
sfiscd975,EHEM.EHEP.: ISCED 1997 - 5 STUFEN
sfdw01,EHEM.EHEP.: BERUFLICHE STELLUNG
sfdw02,"EHEM.EHEP.: BERUFL. STELLUNG,KENNZIFFER"
sfisco68,"EHEM.EHEP.: BERUF, ISCO 1968"
sfdw04,EHEM.EHEP.: BERUFSUNTERGRUPPE
sfdw05,EHEM.EHEP.: BERUFSHAUPTGRUPPE
sftps68,EHEM.EHEP.: TREIMANPRESTIGE
sfmps68,EHEM.EHEP.: MAGNITUDEPRESTIGE I68
sfgld68,"EHEM.EHEP.: BERUF, GOLDTHORPEKLASSEN"
df35,BEFR.: ANZAHL EHEN
df04,EHE 1: MONAT HEIRAT
df05,EHE 1: JAHR HEIRAT
df06,EHE 1: MONAT ENDE
df07,EHE 1: JAHR ENDE
df31,EHE 1: STATUS
df10,EHE 2: MONAT HEIRAT
df11,EHE 2: JAHR HEIRAT
df12,EHE 2: MONAT ENDE
df13,EHE 2: JAHR ENDE
df32,EHE 2: STATUS
df16,EHE 3: MONAT HEIRAT
df17,EHE 3: JAHR HEIRAT
df18,EHE 3: MONAT ENDE
df19,EHE 3: JAHR ENDE
df33,EHE 3: STATUS
df22,EHE 4: MONAT HEIRAT
df23,EHE 4: JAHR HEIRAT
df24,EHE 4: MONAT ENDE
df25,EHE 4: JAHR ENDE
df34,EHE 4: STATUS
dp01,HABEN SIE EINEN FESTEN LEBENSPARTNER?
dp02,LEBENSPARTNER: DAUER DES ZUSAMMENSEINS
dp03,LEBENSPARTNER: GEMEINSAMER HAUSHALT?
dp04a,"LEBENSP.: SEIT WANN GEM. HAUSHALT, JAHR"
dp04b,"LEBENSP.: SEIT WANN GEM. HAUSHALT, MONAT"
pyborn,LEBENSPARTNER: GEBURTSJAHR
pmborn,LEBENSPARTNER: GEBURTSMONAT
page,LEBENSPARTNER: ALTER
pdn01,LEBENSP.: STAATSBUERGERSCHAFT 1
pdn02,LEBENSP.: STAATSBUERGERSCHAFT 2
pdn03,LEBENSP.: STAATSBUERGERSCHAFT 3
pdn04,LEBENSP.: ZAHL DER STAATSBUERGERSCHAFTEN
pdn05,LEBENSPARTNER: VON GEBURT AN DEUTSCH?
pdn06,LEBENSP.:URSPRUENGL.STAATSBUERGERSCHAFT
peduc,LEBENSPARTNER: ALLG.SCHULABSCHLUSS
pde01,LEBENSP.: BERUFLICH.AUSBILDUNGSABSCHLUSS
pde05,LEBENSPARTNER: KEINEN BERUFL. ABSCHLUSS
pde06,LEBENSPARTNER: BERUFL.-BETR. ANLERNZEIT
pde07,LEBENSPARTNER: TEILFACHARBEITERABSCHLUSS
pde08,"LEBENSPARTNER: GEWERB.-,LANDWIRT. LEHRE"
pde09,LEBENSPARTNER: KAUFMAENNISCHE LEHRE
pde10,"LEBENSPARTNER: BERUFL.PRAKTIKUM, VOLONT."
pde11,LEBENSPARTNER: FACHSCHULABSCHLUSS
pde12,LEBENSPARTNER: BERUFSFACHSCHULABSCHLUSS
pde13,"LEBENSPARTNER: MEISTER-,TECHNIKERABSCHL."
pde14,LEBENSPARTNER: FACHHOCHSCHULABSCHLUSS
pde15,LEBENSPARTNER: HOCHSCHULABSCHLUSS
pde16,LEBENSPARTNER: ANDERER BERUFL.ABSCHLUSS
pde17,LEBENSPARTNER: ART DES FH-ABSCHLUSSES
pde18,LEBENSPARTNER: ART DES UNI-ABSCHLUSSES
piscd975,LEBENSPARTNER: ISCED 1997 - 5 STUFEN
piscd11,LEBENSPARTNER: ISCED 2011
pwork,LEBENSPARTNER: BERUFSTAETIG?
pdw01,LEBENSPARTNER: JETZIGE BERUFL.STELLUNG
pdw02,LEBENSP.:JETZIGE BERUFL.STELL.KENNZIFFER
pdw03,LEBENSP: STATUS D.NICHTERWERBSTAETIGKEIT
pisco68,"LEBENSPARTNER: JETZIGER BERUF, ISCO 1968"
pdw04,LEBENSP.: JETZIGE BERUFSUNTERGRUPPE I68
pdw05,LEBENSP.: JETZIGE BERUFSHAUPTGRUPPE I68
ptps68,LEBENSP.: JETZIGES TREIMANPRESTIGE I68
pmps68,LEBENSP.: JETZIGES MAGNITUDEPRESTIGE I68
pisei68,LEBENSPARTNER: ISEI NACH GANZEBOOM I68
pgld68,"GOLDTHORPEKL., GEGENW.BERUF, PARTNER I68"
pisco88,"LEBENSPARTNER: JETZIGER BERUF, ISCO 1988"
psiops88,LEBENSPARTNER: SIOPS I88
pmps88,LEBENSP.: JETZIGES MAGNITUDEPRESTIGE I88
pisei88,LEBENSPARTNER: ISEI NACH GANZEBOOM I88
pisco08,"LEBENSPARTNER: JETZIGER BERUF, ISCO 2008"
psiops08,LEBENSPARTNER: SIOPS I08
pisei08,LEBENSPARTNER: ISEI NACH GANZEBOOM I08
peseg,LEBENSPARTNER: SOZIO-OEKON.GRUPPE (ESEG)
pdw07,LEBENSP: IM OEFFENTLICHEN DIENST TAETIG?
pdw16,"FURCHT: STELLUNGSVERLUST, LEBENSPARTNER"
pdw17,"FURCHT VOR BETRIEBSVERLUST, LEBENSP."
pdw12,LEBENSPARTNER: BERUFSTAETIG BIS?
pdw01a,LEBENSPARTNER: LETZTE BERUFL. STELLUNG
pdw02a,LEBENSPARTNER:LETZTE BERUFL.STELL.KENNZ.
pisco68a,"LEBENSPARTNER: LETZTER BERUF, ISCO 1968"
pdw04a,LEBENSPARTNER: LETZTE BERUFSUNTERGRUPPE
pdw05a,LEBENSPARTNER: LETZTE BERUFSHAUPTGRUPPE
ptps68a,LEBENSPARTNER: LETZTES TREIMANPRESTIGE
pmps68a,LEBENSPARTNER: L. MAGNITUDEPRESTIGE I68
pgld68a,"GOLDTHORPEKLASSEN,LETZTER BERUF,LEBENSP."
df44,BEFR.: MIT 15 BEI DEN ELTERN GELEBT?
dg12,ALTER BEIM VERLASSEN DER ELTERN
frd01,"KONFESSION, VATER"
feduc,VATER: ALLGEMEINER SCHULABSCHLUSS
fde01,VATER: BERUFLICHER AUSBILDUNGSABSCHLUSS
fde05,VATER: KEINEN BERUFSAUSBILDUNGSABSCHLUSS
fde06,VATER: BERUFLICH-BETRIEBL. ANLERNZEIT
fde07,VATER: TEILFACHARBEITERABSCHLUSS
fde08,"VATER: GEWERBLICHE, LANDWIRTSCH. LEHRE"
fde09,VATER: KAUFMAENNISCHE LEHRE
fde10,"VATER: BERUFL. PRAKTIKUM, VOLONTARIAT"
fde11,VATER: FACHSCHULABSCHLUSS
fde12,VATER: BERUFSFACHSCHULABSCHLUSS
fde13,"VATER: MEISTER-, TECHNIKERABSCHLUSS"
fde14,VATER: FACHHOCHSCHULABSCHLUSS
fde15,VATER: HOCHSCHULABSCHLUSS
fde16,VATER:ANDERER BERUFSAUSBILDUNGSABSCHLUSS
fde21,VATER: UNIVERSITAETSBESUCH?
fiscd975,VATER: ISCED 1997 - 5 STUFEN
fdw01,VATER: BERUFLICHE STELLUNG
fdw02,"VATER: BERUFLICHE STELLUNG, KENNZIFFER"
fisco68,"VATER: BERUF, ISCO 1968"
fdw04,VATER: BERUFSUNTERGRUPPE I68
fdw05,VATER: BERUFSHAUPTGRUPPE I68
ftps68,VATER: TREIMANPRESTIGE I68
fmps68,VATER: MAGNITUDEPRESTIGE I68
fisei68,VATER: ISEI NACH GANZEBOOM I68
fgld68,VATER: GOLDTHORPEKLASSEN I68
fisco88,"VATER: BERUF, ISCO 1988"
fsiops88,VATER: SIOPS I88
fmps88,VATER: MAGNITUDEPRESTIGE I88
fisei88,VATER: ISEI NACH GANZEBOOM I88
fisco08,"VATER: BERUF, ISCO 2008"
fsiops08,VATER: SIOPS I08
fisei08,VATER: ISEI NACH GANZEBOOM I08
feseg,VATER: SOZIO-OEKONOMISCHE GRUPPE (ESEG)
mrd01,"KONFESSION, MUTTER"
meduc,MUTTER: ALLGEMEINER SCHULABSCHLUSS
mde01,MUTTER: BERUFLICHER AUSBILDUNGSABSCHLUSS
mde05,MUTTER: KEIN BERUFSAUSBILDUNGSABSCHLUSS
mde06,MUTTER: BERUFLICH-BETRIEBL. ANLERNZEIT
mde07,MUTTER: TEILFACHARBEITERABSCHLUSS
mde08,"MUTTER: GEWERBLICHE, LANDWIRTSCH. LEHRE"
mde09,MUTTER: KAUFMAENNISCHE LEHRE
mde10,"MUTTER: BERUFL. PRAKTIKUM, VOLONTARIAT"
mde11,MUTTER: FACHSCHULABSCHLUSS
mde12,MUTTER: BERUFSFACHSCHULABSCHLUSS
mde13,"MUTTER: MEISTER-, TECHNIKERABSCHLUSS"
mde14,MUTTER: FACHHOCHSCHULABSCHLUSS
mde15,MUTTER: HOCHSCHULABSCHLUSS
mde16,MUTTER: AND. BERUFSAUSBILDUNGSABSCHLUSS
mde21,MUTTER: UNIVERSITAETSBESUCH?
miscd975,MUTTER: ISCED 1997 - 5 STUFEN
mdw01,MUTTER: BERUFLICHE STELLUNG
mdw02,"MUTTER: BERUFLICHE STELLUNG, KENNZIFFER"
misco68,"MUTTER: BERUF DAMALS, ISCO 1968"
mdw04,MUTTER: DAMALIGE BERUFSUNTERGRUPPE I68
mdw05,MUTTER: DAMALIGE BERUFSHAUPTGRUPPE I68
mtps68,MUTTER: TREIMANPRESTIGE I68
mmps68,MUTTER: MAGNITUDEPRESTIGE I68
misei68,MUTTER: ISEI NACH GANZEBOOM I68
mgld68,MUTTER: GOLDTHORPEKLASSEN I68
misco88,"MUTTER: BERUF DAMALS, ISCO 1988"
msiops88,MUTTER: SIOPS I88
mmps88,MUTTER: MAGNITUDEPRESTIGE I88
misei88,MUTTER: ISEI NACH GANZEBOOM I88
misco08,"MUTTER: BERUF DAMALS, ISCO 2008"
msiops08,MUTTER: SIOPS I08
misei08,MUTTER: ISEI NACH GANZEBOOM I08
meseg,MUTTER: SOZIO-OEKONOMISCHE GRUPPE (ESEG)
dh04,ANZAHL DER HAUSHALTSPERSONEN
dh09,REDUZIERTE HAUSHALTSGROESSE
hh2kin,2.HAUSHALTSPERSON:VERWANDTSCHAFT Z.BEFR.
hh2sex,2.HAUSH.PERSON: GESCHLECHT
hh2yborn,2.HAUSH.PERSON: GEBURTSJAHR
hh2mborn,2.HAUSH.PERSON: GEBURTSMONAT
hh2age,2.HAUSH.PERSON: ALTER
hh2mstat,2.HAUSH.PERSON: FAMILIENSTAND
hh2educ,2.HAUSH.PERSON:(KIND)ALLG.SCHULABSCHLUSS
hh2de15,2.HAUSH.PERSON:(KIND) HOCHSCHULABSCHLUSS
hh2inca,2.HAUSH.PERSON: EIGENES EINKOMMEN?
hh2inc,2.HAUSH.PERSON: NETTOEINKOMMEN(EURO)
hh2rr04,2.HAUSHALTSPERSON: GETAUFT?
hh2rd01,2.HAUSHALTSPERSON: KONFESSION
hh3kin,3.HAUSHALTSPERSON:VERWANDTSCHAFT Z.BEFR.
hh3sex,3.HAUSH.PERSON: GESCHLECHT
hh3yborn,3.HAUSH.PERSON: GEBURTSJAHR
hh3mborn,3.HAUSH.PERSON: GEBURTSMONAT
hh3age,3.HAUSH.PERSON: ALTER
hh3mstat,3.HAUSH.PERSON: FAMILIENSTAND
hh3educ,3.HAUSH.PERSON:(KIND)ALLG.SCHULABSCHLUSS
hh3de15,3.HAUSH.PERSON:(KIND) HOCHSCHULABSCHLUSS
hh3inca,3.HAUSH.PERSON: EIGENES EINKOMMEN?
hh3inc,3.HAUSH.PERSON: NETTOEINKOMMEN(EURO)
hh3rr04,3.HAUSHALTSPERSON: GETAUFT?
hh3rd01,3.HAUSHALTSPERSON: KONFESSION
hh4kin,4.HAUSHALTSPERSON:VERWANDTSCHAFT Z.BEFR.
hh4sex,4.HAUSH.PERSON: GESCHLECHT
hh4yborn,4.HAUSH.PERSON: GEBURTSJAHR
hh4mborn,4.HAUSH.PERSON: GEBURTSMONAT
hh4age,4.HAUSH.PERSON: ALTER
hh4mstat,4.HAUSH.PERSON: FAMILIENSTAND
hh4educ,4.HAUSH.PERSON:(KIND)ALLG.SCHULABSCHLUSS
hh4de15,4.HAUSH.PERSON:(KIND) HOCHSCHULABSCHLUSS
hh4inca,4.HAUSH.PERSON: EIGENES EINKOMMEN?
hh4inc,4.HAUSH.PERSON: NETTOEINKOMMEN(EURO)
hh4rr04,4.HAUSHALTSPERSON: GETAUFT?
hh4rd01,4.HAUSHALTSPERSON: KONFESSION
hh5kin,5.HAUSHALTSPERSON:VERWANDTSCHAFT Z.BEFR.
hh5sex,5.HAUSH.PERSON: GESCHLECHT
hh5yborn,5.HAUSH.PERSON: GEBURTSJAHR
hh5mborn,5.HAUSH.PERSON: GEBURTSMONAT
hh5age,5.HAUSH.PERSON: ALTER
hh5mstat,5.HAUSH.PERSON: FAMILIENSTAND
hh5educ,5.HAUSH.PERSON:(KIND)ALLG.SCHULABSCHLUSS
hh5de15,5.HAUSH.PERSON:(KIND) HOCHSCHULABSCHLUSS
hh5inca,5.HAUSH.PERSON: EIGENES EINKOMMEN?
hh5inc,5.HAUSH.PERSON: NETTOEINKOMMEN(EURO)
hh5rr04,5.HAUSHALTSPERSON: GETAUFT?
hh5rd01,5.HAUSHALTSPERSON: KONFESSION
hh6kin,6.HAUSHALTSPERSON:VERWANDTSCHAFT Z.BEFR.
hh6sex,6.HAUSH.PERSON: GESCHLECHT
hh6yborn,6.HAUSH.PERSON: GEBURTSJAHR
hh6mborn,6.HAUSH.PERSON: GEBURTSMONAT
hh6age,6.HAUSH.PERSON: ALTER
hh6mstat,6.HAUSH.PERSON: FAMILIENSTAND
hh6educ,6.HAUSH.PERSON:(KIND)ALLG.SCHULABSCHLUSS
hh6de15,6.HAUSH.PERSON:(KIND) HOCHSCHULABSCHLUSS
hh6inca,6.HAUSH.PERSON: EIGENES EINKOMMEN?
hh6inc,6.HAUSH.PERSON: NETTOEINKOMMEN(EURO)
hh6rr04,6.HAUSHALTSPERSON: GETAUFT?
hh6rd01,6.HAUSHALTSPERSON: KONFESSION
hh7kin,7.HAUSHALTSPERSON:VERWANDTSCHAFT Z.BEFR.
hh7sex,7.HAUSH.PERSON: GESCHLECHT
hh7yborn,7.HAUSH.PERSON: GEBURTSJAHR
hh7mborn,7.HAUSH.PERSON: GEBURTSMONAT
hh7age,7.HAUSH.PERSON: ALTER
hh7mstat,7.HAUSH.PERSON: FAMILIENSTAND
hh7educ,7.HAUSH.PERSON:(KIND)ALLG.SCHULABSCHLUSS
hh7de15,7.HAUSH.PERSON:(KIND) HOCHSCHULABSCHLUSS
hh7inca,7.HAUSH.PERSON: EIGENES EINKOMMEN?
hh7inc,7.HAUSH.PERSON: NETTOEINKOMMEN(EURO)
hh7rr04,7.HAUSHALTSPERSON: GETAUFT?
hh7rd01,7.HAUSHALTSPERSON: KONFESSION
hh8kin,8.HAUSHALTSPERSON:VERWANDTSCHAFT Z.BEFR.
hh8sex,8.HAUSH.PERSON: GESCHLECHT
hh8yborn,8.HAUSH.PERSON: GEBURTSJAHR
hh8mborn,8.HAUSH.PERSON: GEBURTSMONAT
hh8age,8.HAUSH.PERSON: ALTER
hh8mstat,8.HAUSH.PERSON: FAMILIENSTAND
hh8educ,8.HAUSH.PERSON:(KIND)ALLG.SCHULABSCHLUSS
hh8de15,8.HAUSH.PERSON:(KIND) HOCHSCHULABSCHLUSS
hh8inca,8.HAUSH.PERSON: EIGENES EINKOMMEN?
hh8inc,8.HAUSH.PERSON: NETTOEINKOMMEN(EURO)
hh8rr04,8.HAUSHALTSPERSON: GETAUFT?
hh8rd01,8.HAUSHALTSPERSON: KONFESSION
dh10,ALLE HAUSHALTSPERSONEN DEUTSCH?
hh2germn,2.HAUSH.PERSON DEUTSCH?
hh3germn,3.HAUSH.PERSON DEUTSCH?
hh4germn,4.HAUSH.PERSON DEUTSCH?
hh5germn,5.HAUSH.PERSON DEUTSCH?
hh6germn,6.HAUSH.PERSON DEUTSCH?
hh7germn,7.HAUSH.PERSON DEUTSCH?
hh8germn,8.HAUSH.PERSON DEUTSCH?
dh12,LEBENSFORM BEFRAGTE - KURZ
dh13,LEBENSFORM BEFRAGTE - FAMILIE
dh14,LEBENSFORM NACH MIKROZENSUS-TYPOLOGIE
dh15,MEHRGENERATIONEN-HAUSHALT
dh16,"EIG. KINDER IM HAUSHALT: LEDIG, N.LEDIG"
dh17,ALTER JUENGSTES HAUSHALTSMITGLIED
dk11,ANZAHL KINDER IM HAUSHALT
dk07,"ANZAHL DER KINDER, BEFR."
dk01,ANZAHL DER LEIBLICHEN KINDER
dk02,"ANZAHL DER LEIBLICHEN KINDER, <18"
dk03,"ANZAHL LEIBL., STIEF. + ADOP. KINDER"
dk04,"ANZ. LEIBL., STIEF. + ADOP. KINDER, <18"
dk05,KINDER AUSSER HAUS?
dk06,ANZAHL KINDER AUSSER HAUS
kh1sex,"GESCHLECHT, 1.KIND, AUSSER HAUS"
kh1yborn,"GEBURTSJAHR, 1.KIND, AUSSER HAUS"
kh1age,"ALTER, 1.KIND, AUSSER HAUS"
kh1educ,1.KIND AUSSER HAUS: ALLG. SCHULABSCHLUSS
kh1de15,1.KIND AUSSER HAUS: HOCHSCHULABSCHLUSS
kh1rr04,"GETAUFT, 1.KIND, AUSSER HAUS"
kh1rd01,"KONFESSION, 1.KIND, AUSSER HAUS"
kh2sex,"GESCHLECHT, 2.KIND, AUSSER HAUS"
kh2yborn,"GEBURTSJAHR, 2.KIND, AUSSER HAUS"
kh2age,"ALTER, 2.KIND, AUSSER HAUS"
kh2educ,2.KIND AUSSER HAUS: ALLG. SCHULABSCHLUSS
kh2de15,2.KIND AUSSER HAUS: HOCHSCHULABSCHLUSS
kh2rr04,"GETAUFT, 2.KIND, AUSSER HAUS"
kh2rd01,"KONFESSION, 2.KIND, AUSSER HAUS"
kh3sex,"GESCHLECHT, 3.KIND, AUSSER HAUS"
kh3yborn,"GEBURTSJAHR, 3.KIND, AUSSER HAUS"
kh3age,"ALTER, 3.KIND, AUSSER HAUS"
kh3educ,3.KIND AUSSER HAUS: ALLG. SCHULABSCHLUSS
kh3de15,3.KIND AUSSER HAUS: HOCHSCHULABSCHLUSS
kh3rr04,"GETAUFT, 3.KIND, AUSSER HAUS"
kh3rd01,"KONFESSION, 3.KIND, AUSSER HAUS"
kh4sex,"GESCHLECHT, 4.KIND, AUSSER HAUS"
kh4yborn,"GEBURTSJAHR, 4.KIND, AUSSER HAUS"
kh4age,"ALTER, 4.KIND, AUSSER HAUS"
kh4educ,4.KIND AUSSER HAUS: ALLG. SCHULABSCHLUSS
kh4de15,4.KIND AUSSER HAUS: HOCHSCHULABSCHLUSS
kh4rr04,"GETAUFT, 4.KIND, AUSSER HAUS"
kh4rd01,"KONFESSION, 4.KIND, AUSSER HAUS"
kh5sex,"GESCHLECHT, 5.KIND, AUSSER HAUS"
kh5yborn,"GEBURTSJAHR, 5.KIND, AUSSER HAUS"
kh5age,"ALTER, 5.KIND, AUSSER HAUS"
kh5educ,5.KIND AUSSER HAUS: ALLG. SCHULABSCHLUSS
kh5de15,5.KIND AUSSER HAUS: HOCHSCHULABSCHLUSS
kh5rr04,"GETAUFT, 5.KIND, AUSSER HAUS"
kh5rd01,"KONFESSION, 5.KIND, AUSSER HAUS"
kh6sex,"GESCHLECHT, 6.KIND, AUSSER HAUS"
kh6yborn,"GEBURTSJAHR, 6.KIND, AUSSER HAUS"
kh6age,"ALTER, 6.KIND, AUSSER HAUS"
kh6educ,6.KIND AUSSER HAUS: ALLG. SCHULABSCHLUSS
kh6de15,6.KIND AUSSER HAUS: HOCHSCHULABSCHLUSS
kh6rr04,"GETAUFT, 6.KIND, AUSSER HAUS"
kh6rd01,"KONFESSION, 6.KIND, AUSSER HAUS"
kh7sex,"GESCHLECHT, 7.KIND, AUSSER HAUS"
kh7yborn,"GEBURTSJAHR, 7.KIND, AUSSER HAUS"
kh7age,"ALTER, 7.KIND, AUSSER HAUS"
kh7educ,7.KIND AUSSER HAUS: ALLG. SCHULABSCHLUSS
kh7de15,7.KIND AUSSER HAUS: HOCHSCHULABSCHLUSS
kh7rr04,"GETAUFT, 7.KIND, AUSSER HAUS"
kh7rd01,"KONFESSION, 7.KIND, AUSSER HAUS"
kh8sex,"GESCHLECHT, 8.KIND, AUSSER HAUS"
kh8yborn,"GEBURTSJAHR, 8.KIND, AUSSER HAUS"
kh8age,"ALTER, 8.KIND, AUSSER HAUS"
kh8educ,8.KIND AUSSER HAUS: ALLG. SCHULABSCHLUSS
kh8de15,8.KIND AUSSER HAUS: HOCHSCHULABSCHLUSS
kh8rr04,"GETAUFT, 8.KIND, AUSSER HAUS"
kh8rd01,"KONFESSION, 8.KIND, AUSSER HAUS"
kh9sex,"GESCHLECHT, 9.KIND, AUSSER HAUS"
kh9yborn,"GEBURTSJAHR, 9.KIND, AUSSER HAUS"
kh9age,"ALTER, 9.KIND, AUSSER HAUS"
kh9educ,9.KIND AUSSER HAUS: ALLG. SCHULABSCHLUSS
kh9de15,9.KIND AUSSER HAUS: HOCHSCHULABSCHLUSS
kh9rr04,"GETAUFT, 9.KIND, AUSSER HAUS"
kh9rd01,"KONFESSION, 9.KIND, AUSSER HAUS"
kh10sex,"GESCHLECHT, 10.KIND, AUSSER HAUS"
kh10ybrn,"GEBURTSJAHR, 10.KIND, AUSSER HAUS"
kh10age,"ALTER, 10.KIND, AUSSER HAUS"
kh10educ,10.KIND AUSSER HAUS: ALLG.SCHULABSCHLUSS
kh10de15,10.KIND AUSSER HAUS: HOCHSCHULABSCHLUSS
dk10,VERSTORBENE KINDER?
dk08,KINDERLOS: WUNSCH NACH KINDERN?
dk08a,MIT KIND: WUNSCH NACH WEITEREN KINDERN?
dk09,KINDERLOS: WIEVIELE KINDER GEWUENSCHT?
dk09a,MIT KIND: WIEVIELE KINDER GEWUENSCHT?
dn05,BEFR.: VON GEBURT AN DEUTSCH?
dn06,BEFR. URSPRUENGL. STAATSBUERGERSCHAFT
dn07,GEBURT IM HEUTIGEN DEUTSCHLAND?
dg01,BEFRAGTER: IN WELCHEM BUNDESLAND GEBOREN
dg10,"BUNDESLAND, WO BEFRAGTER IN JUGEND LEBTE"
dg02,INTERVIEW: IN WELCHEM BUNDESLAND
dg03,"JUGEND IN OST-WEST,INTERVIEW IN OST-WEST"
dg04,"GEBURT IN OST-WEST,INTERVIEW IN OST-WEST"
dg05,"WANN NACH WESTD. UEBERGESIEDELT, JAHR"
dg06,"WANN NACH OSTD. UEBERGESIEDELT, JAHR"
dg07,"SEIT WANN IM GEGENW. BUNDESLAND, JAHR"
dg08,UEBERSIEDL.I.NEUE BUNDESLAENDER DENKBAR?
dg09,UEBERSIEDL.I.ALTE BUNDESLAENDER DENKBAR?
dg11,UEBERSIEDLUNG I.ANDERES EU-LAND DENKBAR?
dm01,BEFR.: HERKUNFTSLAND
fdm01,HERKUNFTSLAND: VATER
gfpdm01,"HERKUNFTSLAND: GROSSVATER, VATERSEITS"
gmpdm01,"HERKUNFTSLAND: GROSSMUTTER, VATERSEITS"
mdm01,HERKUNFTSLAND: MUTTER
gfmdm01,"HERKUNFTSLAND: GROSSVATER, MUTTERSEITS"
gmmdm01,"HERKUNFTSLAND: GROSSMUTTER, MUTTERSEITS"
dm02,"IMMIGRANT: SEIT WANN IN DEUTSCHLAND,JAHR"
dm03,IMMIGRANT: WIEVIEL JAHRE IN DEUTSCHLAND?
dm04,"IMMIGRANT: SEIT WANN IM BUNDESLAND, JAHR"
dm05,BEFR.: SEIT WANN IN DER BUNDESREPUBLIK?
dm05a,WIEVIEL JAHRE IN DER BUNDESREPUBLIK?
dm07,WO VORHER GELEBT?
dm06,"LAND, WO BEFRAGTER IN DER JUGEND LEBTE"
dg13,DISTANZ ZUM LETZTEN WOHNORT
gd01,BEFR.: SEIT WANN IM ORT WOHNEND?
gd02,WOHNDAUER IN JAHREN
gs01,SELBSTBESCHREIBUNG DES WOHNORTS
aq01,BEFR.: TYP DER WOHNUNG
aq02,WOHNFLAECHE IN QUADRATMETERN
aq03,HUND ODER KATZE IM HAUSHALT?
aq04,HABEN SIE HIER IM HAUSHALT TELEFON?
de25,"BESITZ VON PKW-FUEHRERSCHEIN, BEFR."
ae01,WOHNUMGEBUNG: LAERMBELASTUNG TAGSUEBER
ae02,WOHNUMGEBUNG: LAERMBELASTUNG NACHTS
ae03,"WOHNUMG.: INDUSTRIE-, AUTOABGASBELASTUNG"
samptype,STICHPROBENTYP
mode,ERHEBUNGSMODUS DER ALLBUS-HAUPTBEFRAGUNG
substudy,TEILSTUDIE: KONTAKSTRATEGIE
xs08,"ZAHL DER KONTAKTVERSUCHE, TEL."
xs09,"ZAHL DER KONTAKTVERSUCHE, BESUCHE"
xs13,"ZAHL DER KONTAKTVERSUCHE, ANDERE"
xs16,"ZAHL DER KONTAKTVERSUCHE, ANSCHREIBEN"
xr16,INTERVIEW: BEREITSCHAFT DES BEFRAGTEN
xr01,AN WIEVIELEN BEFRAGUNGEN TEILGENOMMEN?
xr02,LETZTE 12 MONATE: ANDERE UMFRAGEN?
xr03,LETZTE 12 MONATE: ANZAHL UMFRAGEN
xr06,INTERVIEW: ERREICHBARKEIT DES BEFRAGTEN
xr07,ANWESENHEIT DES BEFRAGTEN AM MONTAG
xr08,ANWESENHEIT DES BEFRAGTEN AM DIENSTAG
xr09,ANWESENHEIT DES BEFRAGTEN AM MITTWOCH
xr10,ANWESENHEIT DES BEFRAGTEN AM DONNERSTAG
xr11,ANWESENHEIT DES BEFRAGTEN AM FREITAG
xr12,ANWESENHEIT DES BEFRAGTEN AM SAMSTAG
xr13,ANWESENHEIT DES BEFRAGTEN AM SONNTAG
xt01,INTERVIEWBEGINN: TAG
xt02,INTERVIEWBEGINN: MONAT
xt03,INTERVIEWBEGINN: DATUM
xt04,INTERVIEWBEGINN: STUNDE
xt05,INTERVIEWBEGINN: MINUTE
xt06,INTERVIEWBEGINN: UHRZEIT
xt12,INTERVIEWENDE: TAG
xt13,INTERVIEWENDE: MONAT
xt14,INTERVIEWENDE: DATUM
xt07,INTERVIEWENDE: STUNDE
xt08,INTERVIEWENDE: MINUTE
xt09,INTERVIEWENDE: UHRZEIT
xt10,BEARBEITUNGSDAUER IN MINUTEN
xs01,INTERVIEW: ALLEINE DURCHGEFUEHRT
xs02,INTERVIEW: (EHE)PARTNER ANWESEND
xs03,INTERVIEW: KINDER ANWESEND
xs04,INTERVIEW: ANDERE FAMILIENMITGL.ANWESEND
xs05,INTERVIEW: SONSTIGE PERSONEN ANWESEND
xs06,WIE HAEUFIG ANTWORTEN BESPROCHEN?
xs07,BEFR.: HAT AM BILDSCHIRM MITVERFOLGT
xs14,FRAGEBOGEN OHNE UNTERBRECHUNGEN?
xs15,INTERVIEW: ANTEIL BEANTWORTETER FRAGEN
xr17,ANTWORTBEREITSCHAFT DES BEFRAGTEN
xr18,ZUVERLAESSIGKEIT DER ANGABEN DES BEFR.
xr19,NUTZEN SIE PRIVAT DAS INTERNET?
xr20,HAEUFIGKEIT INTERNETNUTZUNG PRIVAT
xr20a,WIE HAEUFIG NUTZEN SIE DAS INTERNET?
xr21,TEILNAHMEBEREITSCHAFT WEITERE UMFRAGEN
xr22,BEFR.AKZEPTIERT UNVERBINDLICHE EINLADUNG
xr23,BEFRAGTER AKZEPTIERT DATENVERKNUEPFUNG
xr24,ONLINER: FRAGEBOGEN ONLINE AUSFUELLEN?
xr05,BEFR.: WIEDERBEFRAGUNGSBEREIT?
xh01,"ART DES WOHNGEBAEUDES, BEFRAGTER"
xh02,"ZUSTAND DES WOHNGEBAEUDES, BEFRAGTER"
xh03,GEGENSPRECHANLAGE?
xh04,EINSCHAETZUNG WOHNUMGEBUNG VOM BEFR.
xr14,"ATTRAKTIVITAET DES BEFR., INTERVIEWSTART"
xr27,"INT.: SCHICHTEINSTUFUNG HAUSHALT, START"
xi01,INTERVIEWER(IN): ID
xi02,INTERVIEWER(IN): GESCHLECHT
xi03,INTERVIEWER(IN): ALTER
xi04,INTERVIEWER(IN): BILDUNG
xi05,INT.: WIEVIEL JAHRE FUER UMFRAGEINSTITUT
splt80,FRAGEBOGENSPLIT 1980: STIMULUSEXPERIMENT
splt82,FRAGEBOGENSPLIT 1982: STIMULUSEXPERIMENT
splt88,FRAGEBOGENSPLIT 1988: REIHENFOLGE
splt90,FRAGEBOGENSPLIT 1990: FRABO-ERWEITERUNG
splt94,FRAGEBOGENSPLIT 1994: GASTARBEITER
splt00,FRAGEBOGENSPLIT 2000: FRABO-ERWEITERUNG
splt06,FRAGEBOGENSPLIT 2006: CAPI-CASI
splt10_1,FRAGEBOGENSPLIT 2010: EGOZENTR.NETZWERKE
splt10_2,FRAGEBOGENSPLIT 2010: ROTATION JA01 FF.
splt12_1,FRAGEBOGENSPLIT 2012: ABTREIBUNG
splt12_2,FRAGEBOGENSPLIT 2012: ROLLE DER FRAU
splt12_3,FRAGEBOGENSPLIT 2012: KIRCHGANG
splt14_1,FRAGEBOGENSPLIT 2014: BERUFSERFOLG
splt14_2,FRAGEBOGENSPLIT 2014: FRABO-ERWEITERUNG
splt14_3,FRAGEBOGENSPLIT 2014: GESUNDHEITSZUSTAND
splt16_1,FRAGEBOGENSPLIT 2016: FR01-FR12
splt16_2,FRAGEBOGENSPLIT 2016: MI01-MI04
splt16_3,FRAGEBOGENSPLIT 2016: MA01-MA04
splt16_4,FRAGEBOGENSPLIT 2016: MN01-MN09
splt16_5,FRAGEBOGENSPLIT 2016: MP15A
splt16_6,"FRAGEBOGENSPLIT 2016: MG13-17, MG19-23"
splt16_7,FRAGEBOGENSPLIT 2016: ONLINEREKRUTIERUNG
splt21,FRAGEBOGENSPLIT 2021: FRABO-ERWEITERUNG
splt23_1,FRAGEBOGENSPLIT 2023: FRABO-ERWEITERUNG
splt23_2,"FRAGEBOGENSPLIT 2023: CAPI, WERTE"
splt23_3,FRAGEBOGENSPLIT 2023: EXPERIMENT XR21
eastwest,ERHEBUNGSGEBIET (WOHNGEBIET): WEST - OST
land,"BUNDESLAND, IN DEM BEFRAGTE(R) WOHNT"
gkpol,GROESSENKLASSE DER POLIT. GEMEINDE
bstdt7,BOUSTEDT-GEMEINDETYP D.WOHNORTS(7 KAT.)
bstdt10,BOUSTEDT-GEMEINDETYP D.WOHNORTS(10 KAT.)
gs05,GEMEINDETYP (BIK-STADTREGIONEN)
bik,BIK-REGIONEN
gr01,"AUSLAENDERANTEIL AUF KREISEBENE, KATEG."
xs11a,LAUFENDE NUMMER DES SAMPLE-POINT
wghtpt,TRANSFORMATIONSGEWICHT PERSON
wghtpew,PERSONENBEZOGENES OST-WEST-GEWICHT
wghtptew,OST-WEST TRANSFORMATIONSGEWICHT PERSON
wghtht,TRANSFORMATIONSGEWICHT HAUSHALT
wghthew,HAUSHALTSBEZOGENES OST-WEST-GEWICHT
wghthtew,OST-WEST TRANSFORMATIONSGEWICHT HAUSHALT
